id_transaccion,etiqueta,nodos_subgrafo,aristas_subgrafo,I1,I2,I3,I4,I5,J1,J2,J3,J4,J5,S_CLON,S_CNP,prediccion,explicacion
TXN_L_0507,legitima,62,90,0,1,0,0,0.0,1,0.3333,0.3333,0.3333,0.0,0.25,0.5333,cnp,β1·J1=0.35 | α2·I2=0.25 | β2·J2=0.083
TXN_L_0520,legitima,61,94,1,1,0,0,0.0233,0,0.3333,0.3333,0.3333,0.0,0.6023,0.1833,clonacion,α1·I1=0.35 | α2·I2=0.25 | β2·J2=0.083
TXN_L_0224,legitima,66,96,0,1,0,0,0.0556,1,0.3333,0.3333,0.3333,0.0,0.2556,0.5333,cnp,β1·J1=0.35 | α2·I2=0.25 | β2·J2=0.083
TXN_P_0014,cnp,62,76,0,1,0,0,0.0,1,0.3333,0.3333,0.3333,0.5,0.25,0.5833,cnp,β1·J1=0.35 | α2·I2=0.25 | β2·J2=0.083
TXN_L_0067,legitima,70,110,0,0,0,0,0.0556,1,0.3333,0.3333,0.3333,0.0,0.0056,0.5333,cnp,β1·J1=0.35 | β2·J2=0.083 | β3·J3=0.067
TXN_L_0353,legitima,28,48,1,1,0,0,0.1429,0,0.3333,0.3333,0.3333,0.0,0.6143,0.1833,clonacion,α1·I1=0.35 | α2·I2=0.25 | β2·J2=0.083
TXN_L_0517,legitima,69,98,1,1,0,0,0.0,0,0.3333,0.3333,0.3333,0.0,0.6,0.1833,clonacion,α1·I1=0.35 | α2·I2=0.25 | β2·J2=0.083
TXN_L_0659,legitima,63,96,0,1,0,0,0.0,1,0.3333,0.3333,0.3333,0.0,0.25,0.5333,cnp,β1·J1=0.35 | α2·I2=0.25 | β2·J2=0.083
TXN_L_0235,legitima,70,114,0,0,0,0,0.0,1,0.3333,0.3333,0.3333,0.0,0.0,0.5333,cnp,β1·J1=0.35 | β2·J2=0.083 | β3·J3=0.067
TXN_L_0268,legitima,67,92,1,1,0,0,0.025,0,0.3333,0.3333,0.3333,0.15,0.6025,0.1983,clonacion,α1·I1=0.35 | α2·I2=0.25 | β2·J2=0.083
TXN_L_0585,legitima,45,72,0,1,0,0,0.0435,1,0.3333,0.3333,0.3333,0.0,0.2544,0.5333,cnp,β1·J1=0.35 | α2·I2=0.25 | β2·J2=0.083
TXN_L_0531,legitima,62,96,0,1,0,0,0.0278,1,0.3333,0.3333,0.3333,0.0,0.2528,0.5333,cnp,β1·J1=0.35 | α2·I2=0.25 | β2·J2=0.083
TXN_L_0607,legitima,54,98,0,1,0,0,0.087,1,0.3333,0.3333,0.3333,0.0,0.2587,0.5333,cnp,β1·J1=0.35 | α2·I2=0.25 | β2·J2=0.083
TXN_L_0064,legitima,37,60,1,1,0,0,0.1364,0,0.3333,0.3333,0.3333,0.0,0.6136,0.1833,clonacion,α1·I1=0.35 | α2·I2=0.25 | β2·J2=0.083
TXN_L_0668,legitima,38,64,0,1,0,0,0.0,1,0.3333,0.3333,0.3333,0.0,0.25,0.5333,cnp,β1·J1=0.35 | α2·I2=0.25 | β2·J2=0.083
TXN_L_0278,legitima,78,124,0,0,0,0,0.0,1,0.3333,0.3333,0.3333,0.0,0.0,0.5333,cnp,β1·J1=0.35 | β2·J2=0.083 | β3·J3=0.067
TXN_C_0028,clonacion,71,106,1,0,0,0,0.0233,0,0.3333,0.3333,0.3333,0.0,0.3523,0.1833,clonacion,α1·I1=0.35 | β2·J2=0.083 | β3·J3=0.067
TXN_L_0809,legitima,38,50,1,1,0,0,0.1176,0,0.3333,0.3333,0.3333,0.0,0.6118,0.1833,clonacion,α1·I1=0.35 | α2·I2=0.25 | β2·J2=0.083
TXN_L_0599,legitima,51,64,0,1,0,0,0.0,1,0.3333,0.3333,0.3333,0.3214,0.25,0.5655,cnp,β1·J1=0.35 | α2·I2=0.25 | β2·J2=0.083
TXN_L_0441,legitima,42,64,1,1,0,0,0.1,0,0.3333,0.3333,0.3333,0.0,0.61,0.1833,clonacion,α1·I1=0.35 | α2·I2=0.25 | β2·J2=0.083
TXN_L_0862,legitima,51,72,1,1,0,0,0.0,0,0.3333,0.3333,0.3333,0.3333,0.6,0.2166,clonacion,α1·I1=0.35 | α2·I2=0.25 | β2·J2=0.083
TXN_L_0645,legitima,31,44,1,1,0,0,0.0,0,0.3333,0.3333,0.3333,0.0,0.6,0.1833,clonacion,α1·I1=0.35 | α2·I2=0.25 | β2·J2=0.083
TXN_L_0775,legitima,63,106,1,0,0,0,0.0556,0,0.3333,0.3333,0.3333,0.0,0.3556,0.1833,clonacion,α1·I1=0.35 | β2·J2=0.083 | β3·J3=0.067
TXN_L_0657,legitima,57,88,0,0,0,0,0.0,1,0.3333,0.3333,0.3333,0.0,0.0,0.5333,cnp,β1·J1=0.35 | β2·J2=0.083 | β3·J3=0.067
TXN_L_0770,legitima,55,108,1,0,0,0,0.0435,0,0.3333,0.3333,0.3333,0.0,0.3543,0.1833,clonacion,α1·I1=0.35 | β2·J2=0.083 | β3·J3=0.067
TXN_L_0008,legitima,32,52,0,1,0,0,0.1176,1,0.3333,0.3333,0.3333,0.0,0.2618,0.5333,cnp,β1·J1=0.35 | α2·I2=0.25 | β2·J2=0.083
TXN_L_0582,legitima,69,100,0,1,0,0,0.0444,1,0.3333,0.3333,0.3333,0.087,0.2544,0.542,cnp,β1·J1=0.35 | α2·I2=0.25 | β2·J2=0.083
TXN_L_0369,legitima,56,80,1,0,0,0,0.0,0,0.3333,0.3333,0.3333,0.0,0.35,0.1833,clonacion,α1·I1=0.35 | β2·J2=0.083 | β3·J3=0.067
TXN_L_0381,legitima,66,96,1,0,0,1,0.0556,0,0.3333,0.3333,0.3333,0.0,0.4556,0.1833,clonacion,α1·I1=0.35 | α4·I4=0.1 | β2·J2=0.083
TXN_P_0017,cnp,71,88,0,0,0,0,0.0,1,0.3333,0.3333,0.3333,0.4706,0.0,0.5804,cnp,β1·J1=0.35 | β2·J2=0.083 | β3·J3=0.067
TXN_L_0564,legitima,45,70,0,1,0,0,0.0526,1,0.3333,0.3333,0.3333,0.0,0.2553,0.5333,cnp,β1·J1=0.35 | α2·I2=0.25 | β2·J2=0.083
TXN_L_0385,legitima,55,86,0,1,0,0,0.08,1,0.3333,0.3333,0.3333,0.0,0.258,0.5333,cnp,β1·J1=0.35 | α2·I2=0.25 | β2·J2=0.083
TXN_L_0858,legitima,57,96,1,0,0,0,0.0,0,0.3333,0.3333,0.3333,0.0,0.35,0.1833,clonacion,α1·I1=0.35 | β2·J2=0.083 | β3·J3=0.067
TXN_L_0147,legitima,42,68,0,1,0,0,0.0,1,0.3333,0.3333,0.3333,0.0,0.25,0.5333,cnp,β1·J1=0.35 | α2·I2=0.25 | β2·J2=0.083
TXN_L_0867,legitima,50,70,0,1,0,0,0.0625,1,0.3333,0.3333,0.3333,0.0,0.2562,0.5333,cnp,β1·J1=0.35 | α2·I2=0.25 | β2·J2=0.083
TXN_L_0887,legitima,36,56,1,0,0,0,0.0435,0,0.3333,0.3333,0.3333,0.0,0.3543,0.1833,clonacion,α1·I1=0.35 | β2·J2=0.083 | β3·J3=0.067
TXN_L_0458,legitima,40,64,0,0,0,0,0.087,1,0.3333,0.3333,0.3333,0.0,0.0087,0.5333,cnp,β1·J1=0.35 | β2·J2=0.083 | β3·J3=0.067
TXN_L_0301,legitima,55,88,0,0,0,0,0.0435,1,0.3333,0.3333,0.3333,0.0,0.0043,0.5333,cnp,β1·J1=0.35 | β2·J2=0.083 | β3·J3=0.067
TXN_L_0391,legitima,31,44,0,1,0,0,0.0,1,0.3333,0.3333,0.3333,0.0,0.25,0.5333,cnp,β1·J1=0.35 | α2·I2=0.25 | β2·J2=0.083
TXN_L_0855,legitima,52,76,0,1,0,0,0.0385,1,0.3333,0.3333,0.3333,0.0,0.2539,0.5333,cnp,β1·J1=0.35 | α2·I2=0.25 | β2·J2=0.083
TXN_L_0576,legitima,69,94,0,0,0,0,0.025,1,0.3333,0.3333,0.3333,0.15,0.0025,0.5483,cnp,β1·J1=0.35 | β2·J2=0.083 | β3·J3=0.067
TXN_L_0294,legitima,53,76,0,0,0,1,0.0385,1,0.3333,0.3333,0.3333,0.0,0.1039,0.5333,cnp,β1·J1=0.35 | α4·I4=0.1 | β2·J2=0.083
TXN_L_0076,legitima,64,78,1,1,0,0,0.0476,0,0.3333,0.3333,0.3333,0.2059,0.6048,0.2039,clonacion,α1·I1=0.35 | α2·I2=0.25 | β2·J2=0.083
TXN_L_0700,legitima,61,96,1,0,0,0,0.0,0,0.3333,0.3333,0.3333,0.0,0.35,0.1833,clonacion,α1·I1=0.35 | β2·J2=0.083 | β3·J3=0.067
TXN_C_0037,clonacion,69,100,1,0,0,0,0.0556,0,0.3333,0.3333,0.3333,0.0,0.3556,0.1833,clonacion,α1·I1=0.35 | β2·J2=0.083 | β3·J3=0.067
TXN_L_0890,legitima,60,90,1,1,0,0,0.0,0,0.3333,0.3333,0.3333,0.0,0.6,0.1833,clonacion,α1·I1=0.35 | α2·I2=0.25 | β2·J2=0.083
TXN_L_0873,legitima,55,90,1,1,0,0,0.0,0,0.3333,0.3333,0.3333,0.0,0.6,0.1833,clonacion,α1·I1=0.35 | α2·I2=0.25 | β2·J2=0.083
TXN_L_0694,legitima,56,88,0,0,0,0,0.0,1,0.3333,0.3333,0.3333,0.0,0.0,0.5333,cnp,β1·J1=0.35 | β2·J2=0.083 | β3·J3=0.067
TXN_P_0016,cnp,68,78,0,0,0,0,0.0,1,0.3333,0.3333,0.3333,0.5517,0.0,0.5885,cnp,β1·J1=0.35 | β2·J2=0.083 | β3·J3=0.067
TXN_L_0586,legitima,62,94,1,0,0,0,0.0,0,0.3333,0.3333,0.3333,0.0,0.35,0.1833,clonacion,α1·I1=0.35 | β2·J2=0.083 | β3·J3=0.067
TXN_L_0583,legitima,56,78,1,0,0,1,0.0,0,0.3333,0.3333,0.3333,0.2903,0.45,0.2123,clonacion,α1·I1=0.35 | α4·I4=0.1 | β2·J2=0.083
TXN_L_0449,legitima,60,84,1,0,0,0,0.0556,0,0.3333,0.3333,0.3333,0.0,0.3556,0.1833,clonacion,α1·I1=0.35 | β2·J2=0.083 | β3·J3=0.067
TXN_L_0696,legitima,37,52,1,0,0,0,0.0,0,0.3333,0.3333,0.3333,0.0,0.35,0.1833,clonacion,α1·I1=0.35 | β2·J2=0.083 | β3·J3=0.067
TXN_L_0651,legitima,67,104,0,0,0,0,0.0278,1,0.3333,0.3333,0.3333,0.0,0.0028,0.5333,cnp,β1·J1=0.35 | β2·J2=0.083 | β3·J3=0.067
TXN_L_0490,legitima,71,104,0,0,0,0,0.025,1,0.3333,0.3333,0.3333,0.1333,0.0025,0.5466,cnp,β1·J1=0.35 | β2·J2=0.083 | β3·J3=0.067
TXN_L_0250,legitima,65,94,1,0,0,0,0.0556,0,0.3333,0.3333,0.3333,0.0,0.3556,0.1833,clonacion,α1·I1=0.35 | β2·J2=0.083 | β3·J3=0.067
TXN_L_0670,legitima,67,100,1,0,0,0,0.0233,0,0.3333,0.3333,0.3333,0.0,0.3523,0.1833,clonacion,α1·I1=0.35 | β2·J2=0.083 | β3·J3=0.067
TXN_L_0689,legitima,49,58,1,0,0,0,0.0,0,0.3333,0.3333,0.3333,0.375,0.35,0.2208,indeterminado,α1·I1=0.35 | β2·J2=0.083 | β3·J3=0.067
TXN_L_0869,legitima,56,80,0,0,0,1,0.0385,1,0.3333,0.3333,0.3333,0.0,0.1039,0.5333,cnp,β1·J1=0.35 | α4·I4=0.1 | β2·J2=0.083
TXN_L_0313,legitima,48,76,1,1,0,0,0.0,0,0.3333,0.3333,0.3333,0.0,0.6,0.1833,clonacion,α1·I1=0.35 | α2·I2=0.25 | β2·J2=0.083
TXN_L_0811,legitima,68,104,0,0,0,0,0.0444,1,0.3333,0.3333,0.3333,0.0889,0.0044,0.5422,cnp,β1·J1=0.35 | β2·J2=0.083 | β3·J3=0.067
TXN_L_0829,legitima,53,76,1,1,0,0,0.0,0,0.3333,0.3333,0.3333,0.0,0.6,0.1833,clonacion,α1·I1=0.35 | α2·I2=0.25 | β2·J2=0.083
TXN_P_0030,cnp,75,98,0,1,0,0,0.0294,1,0.3333,0.3333,0.3333,0.4211,0.2529,0.5754,cnp,β1·J1=0.35 | α2·I2=0.25 | β2·J2=0.083
TXN_L_0876,legitima,54,76,1,0,0,0,0.08,0,0.3333,0.3333,0.3333,0.0,0.358,0.1833,clonacion,α1·I1=0.35 | β2·J2=0.083 | β3·J3=0.067
TXN_L_0727,legitima,73,96,0,0,0,0,0.025,1,0.3333,0.3333,0.3333,0.1395,0.0025,0.5473,cnp,β1·J1=0.35 | β2·J2=0.083 | β3·J3=0.067
TXN_L_0189,legitima,60,78,1,0,0,0,0.0294,0,0.3333,0.3333,0.3333,0.3333,0.3529,0.2166,indeterminado,α1·I1=0.35 | β2·J2=0.083 | β3·J3=0.067
TXN_L_0333,legitima,65,90,0,0,0,0,0.025,1,0.3333,0.3333,0.3333,0.15,0.0025,0.5483,cnp,β1·J1=0.35 | β2·J2=0.083 | β3·J3=0.067
TXN_P_0020,cnp,81,100,0,0,0,0,0.0294,1,0.3333,0.3333,0.3333,0.4318,0.0029,0.5765,cnp,β1·J1=0.35 | β2·J2=0.083 | β3·J3=0.067
TXN_L_0166,legitima,73,122,0,0,0,0,0.0233,1,0.3333,0.3333,0.3333,0.0,0.0023,0.5333,cnp,β1·J1=0.35 | β2·J2=0.083 | β3·J3=0.067
TXN_L_0503,legitima,33,48,0,1,0,0,0.0,1,0.3333,0.3333,0.3333,0.0,0.25,0.5333,cnp,β1·J1=0.35 | α2·I2=0.25 | β2·J2=0.083
TXN_L_0475,legitima,41,58,1,0,0,0,0.0476,0,0.3333,0.3333,0.3333,0.0,0.3548,0.1833,clonacion,α1·I1=0.35 | β2·J2=0.083 | β3·J3=0.067
TXN_L_0753,legitima,37,74,0,0,0,0,0.0,1,0.3333,0.3333,0.3333,0.0,0.0,0.5333,cnp,β1·J1=0.35 | β2·J2=0.083 | β3·J3=0.067
TXN_L_0094,legitima,59,90,0,0,0,0,0.0278,1,0.3333,0.3333,0.3333,0.0,0.0028,0.5333,cnp,β1·J1=0.35 | β2·J2=0.083 | β3·J3=0.067
TXN_L_0305,legitima,28,52,1,0,0,0,0.0,0,0.3333,0.3333,0.3333,0.0,0.35,0.1833,clonacion,α1·I1=0.35 | β2·J2=0.083 | β3·J3=0.067
TXN_L_0569,legitima,46,64,0,0,0,0,0.0,1,0.3333,0.3333,0.3333,0.0,0.0,0.5333,cnp,β1·J1=0.35 | β2·J2=0.083 | β3·J3=0.067
TXN_L_0888,legitima,35,66,0,0,0,0,0.1,1,0.3333,0.3333,0.3333,0.0,0.01,0.5333,cnp,β1·J1=0.35 | β2·J2=0.083 | β3·J3=0.067
TXN_L_0004,legitima,33,60,0,0,0,0,0.0,1,0.3333,0.3333,0.3333,0.0,0.0,0.5333,cnp,β1·J1=0.35 | β2·J2=0.083 | β3·J3=0.067
TXN_L_0658,legitima,70,110,0,0,0,0,0.0233,1,0.3333,0.3333,0.3333,0.0,0.0023,0.5333,cnp,β1·J1=0.35 | β2·J2=0.083 | β3·J3=0.067
TXN_L_0695,legitima,72,108,0,0,0,0,0.0444,1,0.3333,0.3333,0.3333,0.087,0.0044,0.542,cnp,β1·J1=0.35 | β2·J2=0.083 | β3·J3=0.067
TXN_L_0866,legitima,35,48,1,1,0,0,0.1,0,0.3333,0.3333,0.3333,0.0,0.61,0.1833,clonacion,α1·I1=0.35 | α2·I2=0.25 | β2·J2=0.083
TXN_L_0745,legitima,57,86,1,0,0,0,0.0,0,0.3333,0.3333,0.3333,0.0,0.35,0.1833,clonacion,α1·I1=0.35 | β2·J2=0.083 | β3·J3=0.067
TXN_L_0193,legitima,42,68,0,0,0,0,0.087,1,0.3333,0.3333,0.3333,0.0,0.0087,0.5333,cnp,β1·J1=0.35 | β2·J2=0.083 | β3·J3=0.067
TXN_L_0318,legitima,58,90,1,0,0,0,0.0,0,0.3333,0.3333,0.3333,0.0,0.35,0.1833,clonacion,α1·I1=0.35 | β2·J2=0.083 | β3·J3=0.067
TXN_C_0004,clonacion,50,74,1,0,0,0,0.1176,0,0.3333,0.3333,0.3333,0.0,0.3618,0.1833,clonacion,α1·I1=0.35 | β2·J2=0.083 | β3·J3=0.067
TXN_L_0863,legitima,45,60,0,0,0,0,0.0,1,0.3333,0.3333,0.3333,0.4091,0.0,0.5742,cnp,β1·J1=0.35 | β2·J2=0.083 | β3·J3=0.067
TXN_L_0874,legitima,34,64,0,0,0,0,0.0,1,0.3333,0.3333,0.3333,0.0,0.0,0.5333,cnp,β1·J1=0.35 | β2·J2=0.083 | β3·J3=0.067
TXN_L_0574,legitima,68,110,1,0,0,0,0.0,0,0.3333,0.3333,0.3333,0.0,0.35,0.1833,clonacion,α1·I1=0.35 | β2·J2=0.083 | β3·J3=0.067
TXN_L_0142,legitima,28,48,0,0,0,1,0.1429,1,0.3333,0.3333,0.3333,0.0,0.1143,0.5333,cnp,β1·J1=0.35 | α4·I4=0.1 | β2·J2=0.083
TXN_L_0211,legitima,28,52,1,1,0,0,0.3636,0,0.3333,0.3333,0.3333,0.0,0.6364,0.1833,clonacion,α1·I1=0.35 | α2·I2=0.25 | β2·J2=0.083
TXN_L_0797,legitima,62,88,0,0,0,1,0.0,1,0.3333,0.3333,0.3333,0.3214,0.1,0.5655,cnp,β1·J1=0.35 | α4·I4=0.1 | β2·J2=0.083
TXN_L_0577,legitima,31,44,0,0,0,1,0.1176,1,0.3333,0.3333,0.3333,0.0,0.1118,0.5333,cnp,β1·J1=0.35 | α4·I4=0.1 | β2·J2=0.083
TXN_L_0348,legitima,52,100,1,0,0,0,0.0,0,0.3333,0.3333,0.3333,0.0,0.35,0.1833,clonacion,α1·I1=0.35 | β2·J2=0.083 | β3·J3=0.067
TXN_L_0675,legitima,23,38,0,0,0,0,0.1429,1,0.3333,0.3333,0.3333,0.0,0.0143,0.5333,cnp,β1·J1=0.35 | β2·J2=0.083 | β3·J3=0.067
TXN_L_0299,legitima,65,106,0,0,0,1,0.0233,1,0.3333,0.3333,0.3333,0.0,0.1023,0.5333,cnp,β1·J1=0.35 | α4·I4=0.1 | β2·J2=0.083
TXN_L_0692,legitima,43,60,0,1,0,0,0.0952,1,0.3333,0.3333,0.3333,0.0,0.2595,0.5333,cnp,β1·J1=0.35 | α2·I2=0.25 | β2·J2=0.083
TXN_L_0629,legitima,37,62,0,0,0,0,0.0,1,0.3333,0.3333,0.3333,0.0,0.0,0.5333,cnp,β1·J1=0.35 | β2·J2=0.083 | β3·J3=0.067
TXN_L_0205,legitima,59,82,0,0,0,0,0.0,1,0.3333,0.3333,0.3333,0.3103,0.0,0.5643,cnp,β1·J1=0.35 | β2·J2=0.083 | β3·J3=0.067
TXN_L_0509,legitima,59,98,1,0,0,0,0.0,0,0.3333,0.3333,0.3333,0.0,0.35,0.1833,clonacion,α1·I1=0.35 | β2·J2=0.083 | β3·J3=0.067
TXN_L_0220,legitima,54,76,1,0,0,0,0.0476,0,0.3333,0.3333,0.3333,0.0,0.3548,0.1833,clonacion,α1·I1=0.35 | β2·J2=0.083 | β3·J3=0.067
TXN_P_0027,cnp,89,116,0,0,0,1,0.025,1,0.3333,0.3333,0.3333,0.25,0.1025,0.5583,cnp,β1·J1=0.35 | α4·I4=0.1 | β2·J2=0.083
TXN_L_0744,legitima,60,106,1,0,0,1,0.0278,0,0.3333,0.3333,0.3333,0.0,0.4528,0.1833,clonacion,α1·I1=0.35 | α4·I4=0.1 | β2·J2=0.083
TXN_L_0074,legitima,46,74,1,0,0,0,0.0435,0,0.3333,0.3333,0.3333,0.0,0.3543,0.1833,clonacion,α1·I1=0.35 | β2·J2=0.083 | β3·J3=0.067
TXN_L_0641,legitima,40,74,0,0,0,0,0.0435,1,0.3333,0.3333,0.3333,0.0,0.0043,0.5333,cnp,β1·J1=0.35 | β2·J2=0.083 | β3·J3=0.067
TXN_L_0853,legitima,76,106,0,0,0,0,0.0444,1,0.3333,0.3333,0.3333,0.0833,0.0044,0.5416,cnp,β1·J1=0.35 | β2·J2=0.083 | β3·J3=0.067
TXN_L_0611,legitima,38,62,0,0,0,0,0.0,1,0.3333,0.3333,0.3333,0.0,0.0,0.5333,cnp,β1·J1=0.35 | β2·J2=0.083 | β3·J3=0.067
TXN_L_0638,legitima,51,72,0,0,0,1,0.0385,1,0.3333,0.3333,0.3333,0.0,0.1039,0.5333,cnp,β1·J1=0.35 | α4·I4=0.1 | β2·J2=0.083
TXN_L_0389,legitima,31,50,0,0,0,0,0.1176,1,0.3333,0.3333,0.3333,0.0,0.0118,0.5333,cnp,β1·J1=0.35 | β2·J2=0.083 | β3·J3=0.067
TXN_L_0484,legitima,64,100,1,0,0,1,0.0625,0,0.3333,0.3333,0.3333,0.0,0.4562,0.1833,clonacion,α1·I1=0.35 | α4·I4=0.1 | β2·J2=0.083
TXN_L_0138,legitima,47,70,0,0,0,0,0.08,1,0.3333,0.3333,0.3333,0.0,0.008,0.5333,cnp,β1·J1=0.35 | β2·J2=0.083 | β3·J3=0.067
TXN_L_0370,legitima,53,82,0,0,0,0,0.0,1,0.3333,0.3333,0.3333,0.0,0.0,0.5333,cnp,β1·J1=0.35 | β2·J2=0.083 | β3·J3=0.067
TXN_L_0114,legitima,70,114,1,0,0,0,0.0,0,0.3333,0.3333,0.3333,0.0,0.35,0.1833,clonacion,α1·I1=0.35 | β2·J2=0.083 | β3·J3=0.067
TXN_L_0779,legitima,52,86,1,0,0,0,0.0625,0,0.3333,0.3333,0.3333,0.0,0.3562,0.1833,clonacion,α1·I1=0.35 | β2·J2=0.083 | β3·J3=0.067
TXN_L_0293,legitima,69,120,0,0,0,0,0.0625,1,0.3333,0.3333,0.3333,0.0,0.0063,0.5333,cnp,β1·J1=0.35 | β2·J2=0.083 | β3·J3=0.067
TXN_L_0766,legitima,64,90,1,0,0,0,0.0294,0,0.3333,0.3333,0.3333,0.3429,0.3529,0.2176,indeterminado,α1·I1=0.35 | β2·J2=0.083 | β3·J3=0.067
TXN_L_0315,legitima,35,58,0,0,0,0,0.0,1,0.3333,0.3333,0.3333,0.0,0.0,0.5333,cnp,β1·J1=0.35 | β2·J2=0.083 | β3·J3=0.067
TXN_L_0674,legitima,57,102,0,0,0,0,0.0,1,0.3333,0.3333,0.3333,0.0,0.0,0.5333,cnp,β1·J1=0.35 | β2·J2=0.083 | β3·J3=0.067
TXN_L_0856,legitima,42,62,0,1,0,0,0.0,1,0.3333,0.3333,0.3333,0.0,0.25,0.5333,cnp,β1·J1=0.35 | α2·I2=0.25 | β2·J2=0.083
TXN_L_0231,legitima,61,114,0,0,0,1,0.0,1,0.3333,0.3333,0.3333,0.0,0.1,0.5333,cnp,β1·J1=0.35 | α4·I4=0.1 | β2·J2=0.083
TXN_L_0827,legitima,33,48,1,0,0,0,0.1176,0,0.3333,0.3333,0.3333,0.0,0.3618,0.1833,clonacion,α1·I1=0.35 | β2·J2=0.083 | β3·J3=0.067
TXN_L_0155,legitima,34,60,0,0,0,0,0.0,1,0.3333,0.3333,0.3333,0.0,0.0,0.5333,cnp,β1·J1=0.35 | β2·J2=0.083 | β3·J3=0.067
TXN_L_0678,legitima,58,86,1,0,0,1,0.0952,0,0.3333,0.3333,0.3333,0.0,0.4595,0.1833,clonacion,α1·I1=0.35 | α4·I4=0.1 | β2·J2=0.083
TXN_L_0813,legitima,55,84,0,0,0,0,0.0,1,0.3333,0.3333,0.3333,0.0,0.0,0.5333,cnp,β1·J1=0.35 | β2·J2=0.083 | β3·J3=0.067
TXN_L_0730,legitima,49,72,0,0,0,1,0.087,1,0.3333,0.3333,0.3333,0.0,0.1087,0.5333,cnp,β1·J1=0.35 | α4·I4=0.1 | β2·J2=0.083
TXN_L_0720,legitima,38,64,1,0,0,0,0.0,0,0.3333,0.3333,0.3333,0.0,0.35,0.1833,clonacion,α1·I1=0.35 | β2·J2=0.083 | β3·J3=0.067
TXN_L_0878,legitima,71,110,1,0,0,0,0.0444,0,0.3333,0.3333,0.3333,0.0889,0.3544,0.1922,clonacion,α1·I1=0.35 | β2·J2=0.083 | β3·J3=0.067
TXN_L_0752,legitima,52,76,0,0,0,1,0.0,1,0.3333,0.3333,0.3333,0.0,0.1,0.5333,cnp,β1·J1=0.35 | α4·I4=0.1 | β2·J2=0.083
TXN_L_0248,legitima,72,92,0,0,0,1,0.0294,1,0.3333,0.3333,0.3333,0.2927,0.1029,0.5626,cnp,β1·J1=0.35 | α4·I4=0.1 | β2·J2=0.083
TXN_L_0071,legitima,56,86,0,0,0,0,0.0,1,0.3333,0.3333,0.3333,0.0,0.0,0.5333,cnp,β1·J1=0.35 | β2·J2=0.083 | β3·J3=0.067
TXN_L_0433,legitima,58,92,1,0,0,0,0.0,0,0.3333,0.3333,0.3333,0.0,0.35,0.1833,clonacion,α1·I1=0.35 | β2·J2=0.083 | β3·J3=0.067
TXN_L_0781,legitima,50,78,1,0,0,0,0.0,0,0.3333,0.3333,0.3333,0.0,0.35,0.1833,clonacion,α1·I1=0.35 | β2·J2=0.083 | β3·J3=0.067
TXN_L_0726,legitima,38,60,1,0,0,0,0.1,0,0.3333,0.3333,0.3333,0.0,0.36,0.1833,clonacion,α1·I1=0.35 | β2·J2=0.083 | β3·J3=0.067
TXN_L_0312,legitima,60,106,0,0,0,1,0.0278,1,0.3333,0.3333,0.3333,0.0,0.1028,0.5333,cnp,β1·J1=0.35 | α4·I4=0.1 | β2·J2=0.083
TXN_C_0038,clonacion,34,44,1,0,0,0,0.0526,0,0.3333,0.3333,0.3333,0.0,0.3553,0.1833,clonacion,α1·I1=0.35 | β2·J2=0.083 | β3·J3=0.067
TXN_L_0489,legitima,34,64,1,0,0,1,0.0,0,0.3333,0.3333,0.3333,0.0,0.45,0.1833,clonacion,α1·I1=0.35 | α4·I4=0.1 | β2·J2=0.083
TXN_L_0870,legitima,70,110,0,0,0,0,0.0556,1,0.3333,0.3333,0.3333,0.0,0.0056,0.5333,cnp,β1·J1=0.35 | β2·J2=0.083 | β3·J3=0.067
TXN_L_0810,legitima,66,92,1,0,0,1,0.1364,0,0.3333,0.3333,0.3333,0.2121,0.4636,0.2045,clonacion,α1·I1=0.35 | α4·I4=0.1 | β2·J2=0.083
TXN_L_0357,legitima,39,54,1,0,0,0,0.0952,0,0.3333,0.3333,0.3333,0.0,0.3595,0.1833,clonacion,α1·I1=0.35 | β2·J2=0.083 | β3·J3=0.067
TXN_L_0802,legitima,43,60,0,0,0,0,0.0952,1,0.3333,0.3333,0.3333,0.0,0.0095,0.5333,cnp,β1·J1=0.35 | β2·J2=0.083 | β3·J3=0.067
TXN_L_0160,legitima,42,64,1,0,0,1,0.1,0,0.3333,0.3333,0.3333,0.0,0.46,0.1833,clonacion,α1·I1=0.35 | α4·I4=0.1 | β2·J2=0.083
TXN_L_0481,legitima,66,98,1,0,0,0,0.0,0,0.3333,0.3333,0.3333,0.0,0.35,0.1833,clonacion,α1·I1=0.35 | β2·J2=0.083 | β3·J3=0.067
TXN_L_0746,legitima,63,106,0,0,0,1,0.0556,1,0.3333,0.3333,0.3333,0.0,0.1056,0.5333,cnp,β1·J1=0.35 | α4·I4=0.1 | β2·J2=0.083
TXN_L_0650,legitima,57,114,1,0,0,0,0.0278,0,0.3333,0.3333,0.3333,0.0,0.3528,0.1833,clonacion,α1·I1=0.35 | β2·J2=0.083 | β3·J3=0.067
TXN_L_0732,legitima,59,100,1,0,0,0,0.0,0,0.3333,0.3333,0.3333,0.0,0.35,0.1833,clonacion,α1·I1=0.35 | β2·J2=0.083 | β3·J3=0.067
TXN_L_0366,legitima,32,42,1,0,0,0,0.0526,0,0.3333,0.3333,0.3333,0.0,0.3553,0.1833,clonacion,α1·I1=0.35 | β2·J2=0.083 | β3·J3=0.067
TXN_C_0002,clonacion,50,72,1,0,0,0,0.1364,0,0.3333,0.3333,0.3333,0.0,0.3636,0.1833,clonacion,α1·I1=0.35 | β2·J2=0.083 | β3·J3=0.067
TXN_L_0861,legitima,42,68,1,0,0,1,0.087,0,0.3333,0.3333,0.3333,0.0,0.4587,0.1833,clonacion,α1·I1=0.35 | α4·I4=0.1 | β2·J2=0.083
TXN_C_0003,clonacion,23,30,1,0,0,0,0.3636,0,0.3333,0.3333,0.3333,0.0,0.3864,0.1833,clonacion,α1·I1=0.35 | β2·J2=0.083 | β3·J3=0.067
TXN_L_0649,legitima,52,86,1,0,0,0,0.0625,0,0.3333,0.3333,0.3333,0.0,0.3562,0.1833,clonacion,α1·I1=0.35 | β2·J2=0.083 | β3·J3=0.067
TXN_C_0023,clonacion,32,48,1,1,0,1,0.2,0,0.3333,0.3333,0.3333,0.0,0.72,0.1833,clonacion,α1·I1=0.35 | α2·I2=0.25 | α4·I4=0.1
TXN_L_0487,legitima,48,82,1,0,0,0,0.0,0,0.3333,0.3333,0.3333,0.0,0.35,0.1833,clonacion,α1·I1=0.35 | β2·J2=0.083 | β3·J3=0.067
TXN_L_0852,legitima,40,66,0,0,0,0,0.1,1,0.3333,0.3333,0.3333,0.0,0.01,0.5333,cnp,β1·J1=0.35 | β2·J2=0.083 | β3·J3=0.067
TXN_L_0429,legitima,53,82,1,0,0,0,0.0,0,0.3333,0.3333,0.3333,0.0,0.35,0.1833,clonacion,α1·I1=0.35 | β2·J2=0.083 | β3·J3=0.067
TXN_L_0710,legitima,29,52,1,0,0,1,0.0,0,0.3333,0.3333,0.3333,0.0,0.45,0.1833,clonacion,α1·I1=0.35 | α4·I4=0.1 | β2·J2=0.083
TXN_L_0191,legitima,58,88,1,0,0,0,0.0,0,0.3333,0.3333,0.3333,0.0,0.35,0.1833,clonacion,α1·I1=0.35 | β2·J2=0.083 | β3·J3=0.067
TXN_L_0653,legitima,35,60,1,0,0,0,0.0,0,0.3333,0.3333,0.3333,0.0,0.35,0.1833,clonacion,α1·I1=0.35 | β2·J2=0.083 | β3·J3=0.067
TXN_L_0592,legitima,46,90,1,0,0,0,0.0,0,0.3333,0.3333,0.3333,0.0,0.35,0.1833,clonacion,α1·I1=0.35 | β2·J2=0.083 | β3·J3=0.067
TXN_L_0148,legitima,85,124,0,0,0,0,0.0444,1,0.3333,0.3333,0.3333,0.0755,0.0044,0.5409,cnp,β1·J1=0.35 | β2·J2=0.083 | β3·J3=0.067
TXN_L_0269,legitima,62,92,0,0,0,1,0.0,1,0.3333,0.3333,0.3333,0.0,0.1,0.5333,cnp,β1·J1=0.35 | α4·I4=0.1 | β2·J2=0.083
TXN_L_0835,legitima,67,110,1,0,0,1,0.0,0,0.3333,0.3333,0.3333,0.0,0.45,0.1833,clonacion,α1·I1=0.35 | α4·I4=0.1 | β2·J2=0.083
TXN_L_0865,legitima,57,114,1,0,0,0,0.0278,0,0.3333,0.3333,0.3333,0.0,0.3528,0.1833,clonacion,α1·I1=0.35 | β2·J2=0.083 | β3·J3=0.067
TXN_L_0052,legitima,50,78,0,0,0,1,0.0,1,0.3333,0.3333,0.3333,0.0,0.1,0.5333,cnp,β1·J1=0.35 | α4·I4=0.1 | β2·J2=0.083
TXN_L_0377,legitima,51,70,1,0,0,1,0.0,0,0.3333,0.3333,0.3333,0.3333,0.45,0.2166,clonacion,α1·I1=0.35 | α4·I4=0.1 | β2·J2=0.083
TXN_L_0632,legitima,47,80,1,0,0,0,0.1364,0,0.3333,0.3333,0.3333,0.0,0.3636,0.1833,clonacion,α1·I1=0.35 | β2·J2=0.083 | β3·J3=0.067
TXN_L_0227,legitima,50,70,1,0,0,0,0.0,0,0.3333,0.3333,0.3333,0.3214,0.35,0.2155,indeterminado,α1·I1=0.35 | β2·J2=0.083 | β3·J3=0.067
TXN_L_0706,legitima,47,64,1,0,0,0,0.1364,0,0.3333,0.3333,0.3333,0.0,0.3636,0.1833,clonacion,α1·I1=0.35 | β2·J2=0.083 | β3·J3=0.067
TXN_L_0642,legitima,32,54,1,0,0,0,0.1176,0,0.3333,0.3333,0.3333,0.0,0.3618,0.1833,clonacion,α1·I1=0.35 | β2·J2=0.083 | β3·J3=0.067
TXN_L_0446,legitima,65,90,1,0,0,0,0.0294,0,0.3333,0.3333,0.3333,0.3429,0.3529,0.2176,indeterminado,α1·I1=0.35 | β2·J2=0.083 | β3·J3=0.067
TXN_L_0493,legitima,73,102,1,0,0,0,0.025,0,0.3333,0.3333,0.3333,0.1429,0.3525,0.1976,clonacion,α1·I1=0.35 | β2·J2=0.083 | β3·J3=0.067
TXN_L_0240,legitima,64,100,1,0,0,0,0.0278,0,0.3333,0.3333,0.3333,0.0,0.3528,0.1833,clonacion,α1·I1=0.35 | β2·J2=0.083 | β3·J3=0.067
TXN_L_0336,legitima,43,60,1,0,0,0,0.0952,0,0.3333,0.3333,0.3333,0.0,0.3595,0.1833,clonacion,α1·I1=0.35 | β2·J2=0.083 | β3·J3=0.067
TXN_L_0759,legitima,28,52,0,0,0,1,0.3636,1,0.3333,0.3333,0.3333,0.0,0.1364,0.5333,cnp,β1·J1=0.35 | α4·I4=0.1 | β2·J2=0.083
TXN_L_0591,legitima,43,56,1,0,0,0,0.0952,0,0.3333,0.3333,0.3333,0.0,0.3595,0.1833,clonacion,α1·I1=0.35 | β2·J2=0.083 | β3·J3=0.067
TXN_L_0156,legitima,50,70,0,0,0,1,0.0,1,0.3333,0.3333,0.3333,0.3214,0.1,0.5655,cnp,β1·J1=0.35 | α4·I4=0.1 | β2·J2=0.083
TXN_L_0743,legitima,72,112,0,0,0,1,0.0233,1,0.3333,0.3333,0.3333,0.0,0.1023,0.5333,cnp,β1·J1=0.35 | α4·I4=0.1 | β2·J2=0.083
TXN_P_0002,cnp,90,114,0,0,0,0,0.025,1,0.3333,0.3333,0.3333,0.2553,0.0025,0.5588,cnp,β1·J1=0.35 | β2·J2=0.083 | β3·J3=0.067
TXN_L_0635,legitima,35,66,0,0,0,0,0.1,1,0.3333,0.3333,0.3333,0.0,0.01,0.5333,cnp,β1·J1=0.35 | β2·J2=0.083 | β3·J3=0.067
TXN_L_0382,legitima,64,98,0,0,0,0,0.0,1,0.3333,0.3333,0.3333,0.0,0.0,0.5333,cnp,β1·J1=0.35 | β2·J2=0.083 | β3·J3=0.067
TXN_L_0842,legitima,38,52,0,0,0,0,0.0,1,0.3333,0.3333,0.3333,0.0,0.0,0.5333,cnp,β1·J1=0.35 | β2·J2=0.083 | β3·J3=0.067
TXN_L_0562,legitima,23,40,0,0,0,0,0.1429,1,0.3333,0.3333,0.3333,0.0,0.0143,0.5333,cnp,β1·J1=0.35 | β2·J2=0.083 | β3·J3=0.067
TXN_L_0681,legitima,63,94,0,0,0,1,0.0233,1,0.3333,0.3333,0.3333,0.0,0.1023,0.5333,cnp,β1·J1=0.35 | α4·I4=0.1 | β2·J2=0.083
TXN_L_0128,legitima,45,70,0,0,0,0,0.0,1,0.3333,0.3333,0.3333,0.0,0.0,0.5333,cnp,β1·J1=0.35 | β2·J2=0.083 | β3·J3=0.067
TXN_L_0417,legitima,43,56,1,0,0,0,0.1364,0,0.3333,0.3333,0.3333,0.0,0.3636,0.1833,clonacion,α1·I1=0.35 | β2·J2=0.083 | β3·J3=0.067
TXN_L_0162,legitima,63,106,1,0,0,1,0.0556,0,0.3333,0.3333,0.3333,0.0,0.4556,0.1833,clonacion,α1·I1=0.35 | α4·I4=0.1 | β2·J2=0.083
TXN_L_0894,legitima,51,80,0,0,0,0,0.0,1,0.3333,0.3333,0.3333,0.0,0.0,0.5333,cnp,β1·J1=0.35 | β2·J2=0.083 | β3·J3=0.067
TXN_L_0083,legitima,52,80,1,0,0,0,0.0,0,0.3333,0.3333,0.3333,0.0,0.35,0.1833,clonacion,α1·I1=0.35 | β2·J2=0.083 | β3·J3=0.067
TXN_L_0228,legitima,49,72,0,0,0,0,0.0952,1,0.3333,0.3333,0.3333,0.0,0.0095,0.5333,cnp,β1·J1=0.35 | β2·J2=0.083 | β3·J3=0.067
TXN_L_0808,legitima,34,54,1,1,0,0,0.0667,0,0.3333,0.3333,0.3333,0.0,0.6067,0.1833,clonacion,α1·I1=0.35 | α2·I2=0.25 | β2·J2=0.083
TXN_L_0788,legitima,61,112,1,0,0,0,0.0233,0,0.3333,0.3333,0.3333,0.0,0.3523,0.1833,clonacion,α1·I1=0.35 | β2·J2=0.083 | β3·J3=0.067
TXN_L_0307,legitima,38,56,1,0,0,1,0.0667,0,0.3333,0.3333,0.3333,0.0,0.4567,0.1833,clonacion,α1·I1=0.35 | α4·I4=0.1 | β2·J2=0.083
TXN_L_0624,legitima,36,56,1,0,0,0,0.1176,0,0.3333,0.3333,0.3333,0.0,0.3618,0.1833,clonacion,α1·I1=0.35 | β2·J2=0.083 | β3·J3=0.067
TXN_L_0087,legitima,28,52,1,0,0,0,0.3636,0,0.3333,0.3333,0.3333,0.0,0.3864,0.1833,clonacion,α1·I1=0.35 | β2·J2=0.083 | β3·J3=0.067
TXN_L_0199,legitima,60,102,0,0,0,0,0.0526,1,0.3333,0.3333,0.3333,0.0,0.0053,0.5333,cnp,β1·J1=0.35 | β2·J2=0.083 | β3·J3=0.067
TXN_L_0103,legitima,80,112,0,0,0,1,0.025,1,0.3333,0.3333,0.3333,0.15,0.1025,0.5483,cnp,β1·J1=0.35 | α4·I4=0.1 | β2·J2=0.083
TXN_L_0845,legitima,51,84,0,0,0,0,0.1,1,0.3333,0.3333,0.3333,0.0,0.01,0.5333,cnp,β1·J1=0.35 | β2·J2=0.083 | β3·J3=0.067
TXN_L_0794,legitima,49,92,1,0,0,0,0.0435,0,0.3333,0.3333,0.3333,0.0,0.3543,0.1833,clonacion,α1·I1=0.35 | β2·J2=0.083 | β3·J3=0.067
TXN_L_0365,legitima,28,38,0,0,0,1,0.0,1,0.3333,0.3333,0.3333,0.0,0.1,0.5333,cnp,β1·J1=0.35 | α4·I4=0.1 | β2·J2=0.083
TXN_L_0785,legitima,72,114,0,0,0,1,0.0444,1,0.3333,0.3333,0.3333,0.087,0.1044,0.542,cnp,β1·J1=0.35 | α4·I4=0.1 | β2·J2=0.083
TXN_L_0005,legitima,62,100,1,0,0,1,0.0385,0,0.3333,0.3333,0.3333,0.0,0.4538,0.1833,clonacion,α1·I1=0.35 | α4·I4=0.1 | β2·J2=0.083
TXN_L_0588,legitima,53,76,0,0,0,0,0.0625,1,0.3333,0.3333,0.3333,0.0,0.0063,0.5333,cnp,β1·J1=0.35 | β2·J2=0.083 | β3·J3=0.067
TXN_L_0542,legitima,55,90,0,0,0,1,0.0,1,0.3333,0.3333,0.3333,0.0,0.1,0.5333,cnp,β1·J1=0.35 | α4·I4=0.1 | β2·J2=0.083
TXN_C_0019,clonacion,39,54,1,0,0,0,0.1176,0,0.3333,0.3333,0.3333,0.0,0.3618,0.1833,clonacion,α1·I1=0.35 | β2·J2=0.083 | β3·J3=0.067
TXN_L_0764,legitima,55,84,0,0,0,0,0.0,1,0.3333,0.3333,0.3333,0.0,0.0,0.5333,cnp,β1·J1=0.35 | β2·J2=0.083 | β3·J3=0.067
TXN_L_0007,legitima,42,64,1,0,0,0,0.1,0,0.3333,0.3333,0.3333,0.0,0.36,0.1833,clonacion,α1·I1=0.35 | β2·J2=0.083 | β3·J3=0.067
TXN_L_0717,legitima,50,66,0,0,0,0,0.0476,1,0.3333,0.3333,0.3333,0.0,0.0048,0.5333,cnp,β1·J1=0.35 | β2·J2=0.083 | β3·J3=0.067
TXN_L_0292,legitima,45,62,0,0,0,0,0.0476,1,0.3333,0.3333,0.3333,0.0,0.0048,0.5333,cnp,β1·J1=0.35 | β2·J2=0.083 | β3·J3=0.067
TXN_L_0376,legitima,63,98,1,0,0,0,0.0,0,0.3333,0.3333,0.3333,0.0,0.35,0.1833,clonacion,α1·I1=0.35 | β2·J2=0.083 | β3·J3=0.067
TXN_L_0309,legitima,39,56,1,1,0,1,0.0,0,0.3333,0.3333,0.3333,0.0,0.7,0.1833,clonacion,α1·I1=0.35 | α2·I2=0.25 | α4·I4=0.1
TXN_L_0553,legitima,36,60,0,0,0,0,0.0667,1,0.3333,0.3333,0.3333,0.0,0.0067,0.5333,cnp,β1·J1=0.35 | β2·J2=0.083 | β3·J3=0.067
TXN_L_0372,legitima,45,72,0,0,0,1,0.0435,1,0.3333,0.3333,0.3333,0.0,0.1043,0.5333,cnp,β1·J1=0.35 | α4·I4=0.1 | β2·J2=0.083
TXN_L_0341,legitima,54,98,0,0,0,0,0.087,1,0.3333,0.3333,0.3333,0.0,0.0087,0.5333,cnp,β1·J1=0.35 | β2·J2=0.083 | β3·J3=0.067
TXN_L_0130,legitima,52,70,0,0,0,1,0.0,1,0.3333,0.3333,0.3333,0.3214,0.1,0.5655,cnp,β1·J1=0.35 | α4·I4=0.1 | β2·J2=0.083
TXN_L_0134,legitima,52,94,0,0,0,0,0.0,1,0.3333,0.3333,0.3333,0.0,0.0,0.5333,cnp,β1·J1=0.35 | β2·J2=0.083 | β3·J3=0.067
TXN_L_0690,legitima,38,60,0,0,0,0,0.0435,1,0.3333,0.3333,0.3333,0.0,0.0043,0.5333,cnp,β1·J1=0.35 | β2·J2=0.083 | β3·J3=0.067
TXN_L_0816,legitima,64,104,0,0,0,1,0.0556,1,0.3333,0.3333,0.3333,0.0,0.1056,0.5333,cnp,β1·J1=0.35 | α4·I4=0.1 | β2·J2=0.083
TXN_L_0859,legitima,77,122,0,0,0,0,0.0444,1,0.3333,0.3333,0.3333,0.0816,0.0044,0.5415,cnp,β1·J1=0.35 | β2·J2=0.083 | β3·J3=0.067
TXN_L_0613,legitima,42,60,0,0,0,1,0.087,1,0.3333,0.3333,0.3333,0.0,0.1087,0.5333,cnp,β1·J1=0.35 | α4·I4=0.1 | β2·J2=0.083
TXN_L_0354,legitima,40,64,0,0,0,0,0.1,1,0.3333,0.3333,0.3333,0.0,0.01,0.5333,cnp,β1·J1=0.35 | β2·J2=0.083 | β3·J3=0.067
TXN_L_0099,legitima,51,84,1,0,0,1,0.1,0,0.3333,0.3333,0.3333,0.0,0.46,0.1833,clonacion,α1·I1=0.35 | α4·I4=0.1 | β2·J2=0.083
TXN_L_0003,legitima,59,84,0,0,0,1,0.0,1,0.3333,0.3333,0.3333,0.3333,0.1,0.5666,cnp,β1·J1=0.35 | α4·I4=0.1 | β2·J2=0.083
TXN_L_0432,legitima,60,100,1,0,0,0,0.0,0,0.3333,0.3333,0.3333,0.0,0.35,0.1833,clonacion,α1·I1=0.35 | β2·J2=0.083 | β3·J3=0.067
TXN_L_0194,legitima,36,60,1,0,0,1,0.0667,0,0.3333,0.3333,0.3333,0.0,0.4567,0.1833,clonacion,α1·I1=0.35 | α4·I4=0.1 | β2·J2=0.083
TXN_L_0826,legitima,46,66,0,0,0,0,0.0,1,0.3333,0.3333,0.3333,0.0,0.0,0.5333,cnp,β1·J1=0.35 | β2·J2=0.083 | β3·J3=0.067
TXN_P_0013,cnp,85,108,0,0,0,0,0.0294,1,0.3333,0.3333,0.3333,0.383,0.0029,0.5716,cnp,β1·J1=0.35 | β2·J2=0.083 | β3·J3=0.067
TXN_L_0595,legitima,31,42,1,0,0,0,0.1176,0,0.3333,0.3333,0.3333,0.0,0.3618,0.1833,clonacion,α1·I1=0.35 | β2·J2=0.083 | β3·J3=0.067
TXN_L_0776,legitima,60,94,0,0,0,0,0.0,1,0.3333,0.3333,0.3333,0.0,0.0,0.5333,cnp,β1·J1=0.35 | β2·J2=0.083 | β3·J3=0.067
TXN_L_0237,legitima,63,100,0,0,0,0,0.0233,1,0.3333,0.3333,0.3333,0.0,0.0023,0.5333,cnp,β1·J1=0.35 | β2·J2=0.083 | β3·J3=0.067
TXN_L_0734,legitima,35,66,0,0,0,0,0.1,1,0.3333,0.3333,0.3333,0.0,0.01,0.5333,cnp,β1·J1=0.35 | β2·J2=0.083 | β3·J3=0.067
TXN_L_0136,legitima,56,84,1,0,0,0,0.0278,0,0.3333,0.3333,0.3333,0.0,0.3528,0.1833,clonacion,α1·I1=0.35 | β2·J2=0.083 | β3·J3=0.067
TXN_L_0367,legitima,45,62,1,0,0,1,0.08,0,0.3333,0.3333,0.3333,0.0,0.458,0.1833,clonacion,α1·I1=0.35 | α4·I4=0.1 | β2·J2=0.083
TXN_L_0793,legitima,35,56,0,0,0,0,0.0,1,0.3333,0.3333,0.3333,0.0,0.0,0.5333,cnp,β1·J1=0.35 | β2·J2=0.083 | β3·J3=0.067
TXN_L_0202,legitima,59,80,0,0,0,0,0.0,1,0.3333,0.3333,0.3333,0.0,0.0,0.5333,cnp,β1·J1=0.35 | β2·J2=0.083 | β3·J3=0.067
TXN_L_0161,legitima,54,80,0,0,0,0,0.0,1,0.3333,0.3333,0.3333,0.0,0.0,0.5333,cnp,β1·J1=0.35 | β2·J2=0.083 | β3·J3=0.067
TXN_L_0751,legitima,51,90,1,0,0,1,0.0,0,0.3333,0.3333,0.3333,0.0,0.45,0.1833,clonacion,α1·I1=0.35 | α4·I4=0.1 | β2·J2=0.083
TXN_L_0020,legitima,59,76,0,0,0,0,0.0,1,0.3333,0.3333,0.3333,0.2903,0.0,0.5623,cnp,β1·J1=0.35 | β2·J2=0.083 | β3·J3=0.067
TXN_L_0247,legitima,29,46,0,0,0,0,0.0,1,0.3333,0.3333,0.3333,0.0,0.0,0.5333,cnp,β1·J1=0.35 | β2·J2=0.083 | β3·J3=0.067
TXN_L_0383,legitima,51,74,1,0,0,0,0.0625,0,0.3333,0.3333,0.3333,0.0,0.3562,0.1833,clonacion,α1·I1=0.35 | β2·J2=0.083 | β3·J3=0.067
TXN_L_0502,legitima,27,34,0,0,0,0,0.3636,1,0.3333,0.3333,0.3333,0.0,0.0364,0.5333,cnp,β1·J1=0.35 | β2·J2=0.083 | β3·J3=0.067
TXN_L_0815,legitima,33,42,0,0,0,1,0.0667,1,0.3333,0.3333,0.3333,0.0,0.1067,0.5333,cnp,β1·J1=0.35 | α4·I4=0.1 | β2·J2=0.083
TXN_L_0880,legitima,61,112,1,0,0,0,0.0233,0,0.3333,0.3333,0.3333,0.0,0.3523,0.1833,clonacion,α1·I1=0.35 | β2·J2=0.083 | β3·J3=0.067
TXN_L_0565,legitima,34,66,1,0,0,0,0.0,0,0.3333,0.3333,0.3333,0.0,0.35,0.1833,clonacion,α1·I1=0.35 | β2·J2=0.083 | β3·J3=0.067
TXN_L_0310,legitima,77,104,0,0,0,0,0.025,1,0.3333,0.3333,0.3333,0.1277,0.0025,0.5461,cnp,β1·J1=0.35 | β2·J2=0.083 | β3·J3=0.067
TXN_L_0824,legitima,33,56,0,0,0,0,0.1176,1,0.3333,0.3333,0.3333,0.0,0.0118,0.5333,cnp,β1·J1=0.35 | β2·J2=0.083 | β3·J3=0.067
TXN_P_0035,cnp,75,98,0,0,0,0,0.0,1,0.3333,0.3333,0.3333,0.3421,0.0,0.5675,cnp,β1·J1=0.35 | β2·J2=0.083 | β3·J3=0.067
TXN_L_0352,legitima,29,52,0,0,0,1,0.0,1,0.3333,0.3333,0.3333,0.0,0.1,0.5333,cnp,β1·J1=0.35 | α4·I4=0.1 | β2·J2=0.083
TXN_L_0058,legitima,21,40,0,0,0,0,0.2,1,0.3333,0.3333,0.3333,0.0,0.02,0.5333,cnp,β1·J1=0.35 | β2·J2=0.083 | β3·J3=0.067
TXN_L_0396,legitima,76,108,1,0,0,1,0.025,0,0.3333,0.3333,0.3333,0.1333,0.4525,0.1966,clonacion,α1·I1=0.35 | α4·I4=0.1 | β2·J2=0.083
TXN_L_0082,legitima,60,102,1,0,0,1,0.0526,0,0.3333,0.3333,0.3333,0.0,0.4553,0.1833,clonacion,α1·I1=0.35 | α4·I4=0.1 | β2·J2=0.083
TXN_L_0767,legitima,23,40,0,0,0,0,0.1429,1,0.3333,0.3333,0.3333,0.0,0.0143,0.5333,cnp,β1·J1=0.35 | β2·J2=0.083 | β3·J3=0.067
TXN_L_0805,legitima,68,108,1,0,0,0,0.0233,0,0.3333,0.3333,0.3333,0.0,0.3523,0.1833,clonacion,α1·I1=0.35 | β2·J2=0.083 | β3·J3=0.067
TXN_L_0398,legitima,36,56,1,0,0,0,0.0,0,0.3333,0.3333,0.3333,0.0,0.35,0.1833,clonacion,α1·I1=0.35 | β2·J2=0.083 | β3·J3=0.067
TXN_L_0479,legitima,37,74,0,0,0,1,0.0,1,0.3333,0.3333,0.3333,0.0,0.1,0.5333,cnp,β1·J1=0.35 | α4·I4=0.1 | β2·J2=0.083
TXN_L_0485,legitima,61,98,1,0,0,0,0.0233,0,0.3333,0.3333,0.3333,0.0,0.3523,0.1833,clonacion,α1·I1=0.35 | β2·J2=0.083 | β3·J3=0.067
TXN_L_0895,legitima,58,100,1,0,0,0,0.0,0,0.3333,0.3333,0.3333,0.0,0.35,0.1833,clonacion,α1·I1=0.35 | β2·J2=0.083 | β3·J3=0.067
TXN_L_0053,legitima,36,52,1,0,0,1,0.0,0,0.3333,0.3333,0.3333,0.0,0.45,0.1833,clonacion,α1·I1=0.35 | α4·I4=0.1 | β2·J2=0.083
TXN_L_0177,legitima,72,104,0,0,0,1,0.0,1,0.3333,0.3333,0.3333,0.0,0.1,0.5333,cnp,β1·J1=0.35 | α4·I4=0.1 | β2·J2=0.083
TXN_P_0005,cnp,88,116,0,0,0,0,0.0444,1,0.3333,0.3333,0.3333,0.2075,0.0044,0.5541,cnp,β1·J1=0.35 | β2·J2=0.083 | β3·J3=0.067
TXN_L_0363,legitima,49,66,0,0,0,0,0.08,1,0.3333,0.3333,0.3333,0.0,0.008,0.5333,cnp,β1·J1=0.35 | β2·J2=0.083 | β3·J3=0.067
TXN_L_0326,legitima,42,54,0,0,0,0,0.0526,1,0.3333,0.3333,0.3333,0.0,0.0053,0.5333,cnp,β1·J1=0.35 | β2·J2=0.083 | β3·J3=0.067
TXN_L_0550,legitima,59,98,1,0,0,0,0.0,0,0.3333,0.3333,0.3333,0.0,0.35,0.1833,clonacion,α1·I1=0.35 | β2·J2=0.083 | β3·J3=0.067
TXN_L_0541,legitima,36,62,1,0,0,0,0.0,0,0.3333,0.3333,0.3333,0.0,0.35,0.1833,clonacion,α1·I1=0.35 | β2·J2=0.083 | β3·J3=0.067
TXN_L_0321,legitima,53,82,1,0,0,1,0.0,0,0.3333,0.3333,0.3333,0.0,0.45,0.1833,clonacion,α1·I1=0.35 | α4·I4=0.1 | β2·J2=0.083
TXN_L_0515,legitima,60,78,1,0,0,0,0.0,0,0.3333,0.3333,0.3333,0.2571,0.35,0.209,indeterminado,α1·I1=0.35 | β2·J2=0.083 | β3·J3=0.067
TXN_L_0687,legitima,37,62,0,0,0,0,0.0667,1,0.3333,0.3333,0.3333,0.0,0.0067,0.5333,cnp,β1·J1=0.35 | β2·J2=0.083 | β3·J3=0.067
TXN_L_0213,legitima,67,90,1,0,0,0,0.025,0,0.3333,0.3333,0.3333,0.1395,0.3525,0.1973,clonacion,α1·I1=0.35 | β2·J2=0.083 | β3·J3=0.067
TXN_L_0010,legitima,54,70,0,0,0,1,0.0,1,0.3333,0.3333,0.3333,0.3913,0.1,0.5724,cnp,β1·J1=0.35 | α4·I4=0.1 | β2·J2=0.083
TXN_L_0896,legitima,59,98,1,0,0,0,0.0,0,0.3333,0.3333,0.3333,0.0,0.35,0.1833,clonacion,α1·I1=0.35 | β2·J2=0.083 | β3·J3=0.067
TXN_L_0857,legitima,43,72,1,0,0,1,0.0,0,0.3333,0.3333,0.3333,0.0,0.45,0.1833,clonacion,α1·I1=0.35 | α4·I4=0.1 | β2·J2=0.083
TXN_P_0031,cnp,68,90,0,0,0,0,0.0294,1,0.3333,0.3333,0.3333,0.4211,0.0029,0.5754,cnp,β1·J1=0.35 | β2·J2=0.083 | β3·J3=0.067
TXN_L_0676,legitima,40,56,0,0,0,0,0.0,1,0.3333,0.3333,0.3333,0.0,0.0,0.5333,cnp,β1·J1=0.35 | β2·J2=0.083 | β3·J3=0.067
TXN_L_0685,legitima,48,66,1,0,0,0,0.0952,0,0.3333,0.3333,0.3333,0.0,0.3595,0.1833,clonacion,α1·I1=0.35 | β2·J2=0.083 | β3·J3=0.067
TXN_L_0201,legitima,38,60,1,0,0,0,0.1,0,0.3333,0.3333,0.3333,0.0,0.36,0.1833,clonacion,α1·I1=0.35 | β2·J2=0.083 | β3·J3=0.067
TXN_L_0871,legitima,48,66,0,0,0,1,0.0,1,0.3333,0.3333,0.3333,0.375,0.1,0.5708,cnp,β1·J1=0.35 | α4·I4=0.1 | β2·J2=0.083
TXN_L_0558,legitima,66,98,0,0,0,0,0.0233,1,0.3333,0.3333,0.3333,0.0,0.0023,0.5333,cnp,β1·J1=0.35 | β2·J2=0.083 | β3·J3=0.067
TXN_L_0516,legitima,54,64,0,0,0,0,0.0,1,0.3333,0.3333,0.3333,0.3333,0.0,0.5666,cnp,β1·J1=0.35 | β2·J2=0.083 | β3·J3=0.067
TXN_L_0482,legitima,42,58,0,0,0,0,0.087,1,0.3333,0.3333,0.3333,0.0,0.0087,0.5333,cnp,β1·J1=0.35 | β2·J2=0.083 | β3·J3=0.067
TXN_L_0590,legitima,44,70,1,0,0,1,0.0526,0,0.3333,0.3333,0.3333,0.0,0.4553,0.1833,clonacion,α1·I1=0.35 | α4·I4=0.1 | β2·J2=0.083
TXN_L_0535,legitima,59,92,0,0,0,0,0.0,1,0.3333,0.3333,0.3333,0.0,0.0,0.5333,cnp,β1·J1=0.35 | β2·J2=0.083 | β3·J3=0.067
TXN_L_0063,legitima,55,78,1,0,0,0,0.0476,0,0.3333,0.3333,0.3333,0.0,0.3548,0.1833,clonacion,α1·I1=0.35 | β2·J2=0.083 | β3·J3=0.067
TXN_L_0225,legitima,44,64,0,0,0,1,0.1364,1,0.3333,0.3333,0.3333,0.0,0.1136,0.5333,cnp,β1·J1=0.35 | α4·I4=0.1 | β2·J2=0.083
TXN_L_0046,legitima,63,102,0,0,0,1,0.0,1,0.3333,0.3333,0.3333,0.0,0.1,0.5333,cnp,β1·J1=0.35 | α4·I4=0.1 | β2·J2=0.083
TXN_L_0480,legitima,59,84,0,0,0,1,0.0,1,0.3333,0.3333,0.3333,0.0,0.1,0.5333,cnp,β1·J1=0.35 | α4·I4=0.1 | β2·J2=0.083
TXN_L_0898,legitima,53,84,0,0,0,0,0.1,1,0.3333,0.3333,0.3333,0.0,0.01,0.5333,cnp,β1·J1=0.35 | β2·J2=0.083 | β3·J3=0.067
TXN_L_0555,legitima,69,106,0,0,0,0,0.0,1,0.3333,0.3333,0.3333,0.0,0.0,0.5333,cnp,β1·J1=0.35 | β2·J2=0.083 | β3·J3=0.067
TXN_L_0587,legitima,71,108,0,0,0,0,0.0233,1,0.3333,0.3333,0.3333,0.0,0.0023,0.5333,cnp,β1·J1=0.35 | β2·J2=0.083 | β3·J3=0.067
TXN_L_0011,legitima,61,88,0,0,0,0,0.0,1,0.3333,0.3333,0.3333,0.0,0.0,0.5333,cnp,β1·J1=0.35 | β2·J2=0.083 | β3·J3=0.067
TXN_L_0448,legitima,60,100,0,0,0,0,0.0625,1,0.3333,0.3333,0.3333,0.0,0.0063,0.5333,cnp,β1·J1=0.35 | β2·J2=0.083 | β3·J3=0.067
TXN_L_0401,legitima,63,82,1,0,0,0,0.0294,0,0.3333,0.3333,0.3333,0.3158,0.3529,0.2149,indeterminado,α1·I1=0.35 | β2·J2=0.083 | β3·J3=0.067
TXN_L_0499,legitima,50,78,0,0,0,0,0.0,1,0.3333,0.3333,0.3333,0.0,0.0,0.5333,cnp,β1·J1=0.35 | β2·J2=0.083 | β3·J3=0.067
TXN_L_0124,legitima,48,70,0,0,0,0,0.0952,1,0.3333,0.3333,0.3333,0.0,0.0095,0.5333,cnp,β1·J1=0.35 | β2·J2=0.083 | β3·J3=0.067
TXN_L_0139,legitima,47,70,0,0,0,1,0.0476,1,0.3333,0.3333,0.3333,0.0,0.1048,0.5333,cnp,β1·J1=0.35 | α4·I4=0.1 | β2·J2=0.083
TXN_L_0654,legitima,71,110,0,0,0,0,0.0233,1,0.3333,0.3333,0.3333,0.0,0.0023,0.5333,cnp,β1·J1=0.35 | β2·J2=0.083 | β3·J3=0.067
TXN_L_0418,legitima,52,74,0,0,0,0,0.0,1,0.3333,0.3333,0.3333,0.0,0.0,0.5333,cnp,β1·J1=0.35 | β2·J2=0.083 | β3·J3=0.067
TXN_L_0111,legitima,57,114,0,0,0,1,0.0278,1,0.3333,0.3333,0.3333,0.0,0.1028,0.5333,cnp,β1·J1=0.35 | α4·I4=0.1 | β2·J2=0.083
TXN_L_0387,legitima,51,70,0,0,0,0,0.0,1,0.3333,0.3333,0.3333,0.3333,0.0,0.5666,cnp,β1·J1=0.35 | β2·J2=0.083 | β3·J3=0.067
TXN_L_0159,legitima,37,58,0,0,0,0,0.1176,1,0.3333,0.3333,0.3333,0.0,0.0118,0.5333,cnp,β1·J1=0.35 | β2·J2=0.083 | β3·J3=0.067
TXN_C_0035,clonacion,40,56,1,0,0,0,0.1176,0,0.3333,0.3333,0.3333,0.0,0.3618,0.1833,clonacion,α1·I1=0.35 | β2·J2=0.083 | β3·J3=0.067
TXN_L_0610,legitima,61,88,1,0,0,1,0.0625,0,0.3333,0.3333,0.3333,0.0,0.4562,0.1833,clonacion,α1·I1=0.35 | α4·I4=0.1 | β2·J2=0.083
TXN_L_0504,legitima,58,84,1,0,0,0,0.0,0,0.3333,0.3333,0.3333,0.0,0.35,0.1833,clonacion,α1·I1=0.35 | β2·J2=0.083 | β3·J3=0.067
TXN_L_0754,legitima,51,80,0,0,0,0,0.0,1,0.3333,0.3333,0.3333,0.0,0.0,0.5333,cnp,β1·J1=0.35 | β2·J2=0.083 | β3·J3=0.067
TXN_L_0006,legitima,71,104,1,0,0,0,0.025,0,0.3333,0.3333,0.3333,0.1395,0.3525,0.1973,clonacion,α1·I1=0.35 | β2·J2=0.083 | β3·J3=0.067
TXN_L_0169,legitima,72,114,1,0,0,0,0.0444,0,0.3333,0.3333,0.3333,0.087,0.3544,0.192,clonacion,α1·I1=0.35 | β2·J2=0.083 | β3·J3=0.067
TXN_P_0004,cnp,72,94,0,0,0,0,0.0,1,0.3333,0.3333,0.3333,0.3421,0.0,0.5675,cnp,β1·J1=0.35 | β2·J2=0.083 | β3·J3=0.067
TXN_L_0879,legitima,54,86,0,0,0,0,0.0,1,0.3333,0.3333,0.3333,0.0,0.0,0.5333,cnp,β1·J1=0.35 | β2·J2=0.083 | β3·J3=0.067
TXN_L_0688,legitima,35,66,0,0,0,0,0.1,1,0.3333,0.3333,0.3333,0.0,0.01,0.5333,cnp,β1·J1=0.35 | β2·J2=0.083 | β3·J3=0.067
TXN_L_0683,legitima,57,102,0,0,0,0,0.0,1,0.3333,0.3333,0.3333,0.0,0.0,0.5333,cnp,β1·J1=0.35 | β2·J2=0.083 | β3·J3=0.067
TXN_L_0735,legitima,40,74,0,0,0,0,0.0435,1,0.3333,0.3333,0.3333,0.0,0.0043,0.5333,cnp,β1·J1=0.35 | β2·J2=0.083 | β3·J3=0.067
TXN_L_0778,legitima,47,76,1,0,0,1,0.0,0,0.3333,0.3333,0.3333,0.0,0.45,0.1833,clonacion,α1·I1=0.35 | α4·I4=0.1 | β2·J2=0.083
TXN_L_0109,legitima,35,62,0,0,0,0,0.0,1,0.3333,0.3333,0.3333,0.0,0.0,0.5333,cnp,β1·J1=0.35 | β2·J2=0.083 | β3·J3=0.067
TXN_L_0847,legitima,73,108,1,0,0,0,0.0444,0,0.3333,0.3333,0.3333,0.087,0.3544,0.192,clonacion,α1·I1=0.35 | β2·J2=0.083 | β3·J3=0.067
TXN_P_0000,cnp,75,94,0,0,0,0,0.0,1,0.3333,0.3333,0.3333,0.4324,0.0,0.5766,cnp,β1·J1=0.35 | β2·J2=0.083 | β3·J3=0.067
TXN_L_0154,legitima,37,54,1,0,0,1,0.0,0,0.3333,0.3333,0.3333,0.0,0.45,0.1833,clonacion,α1·I1=0.35 | α4·I4=0.1 | β2·J2=0.083
TXN_L_0151,legitima,52,94,0,0,0,0,0.0,1,0.3333,0.3333,0.3333,0.0,0.0,0.5333,cnp,β1·J1=0.35 | β2·J2=0.083 | β3·J3=0.067
TXN_L_0277,legitima,52,94,0,0,0,0,0.0,1,0.3333,0.3333,0.3333,0.0,0.0,0.5333,cnp,β1·J1=0.35 | β2·J2=0.083 | β3·J3=0.067
TXN_C_0009,clonacion,56,76,1,0,0,0,0.08,0,0.3333,0.3333,0.3333,0.0,0.358,0.1833,clonacion,α1·I1=0.35 | β2·J2=0.083 | β3·J3=0.067
TXN_L_0351,legitima,62,100,1,0,0,0,0.0233,0,0.3333,0.3333,0.3333,0.0,0.3523,0.1833,clonacion,α1·I1=0.35 | β2·J2=0.083 | β3·J3=0.067
TXN_L_0360,legitima,53,68,1,0,0,0,0.0,0,0.3333,0.3333,0.3333,0.3333,0.35,0.2166,indeterminado,α1·I1=0.35 | β2·J2=0.083 | β3·J3=0.067
TXN_L_0740,legitima,49,76,1,0,0,1,0.0,0,0.3333,0.3333,0.3333,0.0,0.45,0.1833,clonacion,α1·I1=0.35 | α4·I4=0.1 | β2·J2=0.083
TXN_L_0217,legitima,42,74,0,0,0,1,0.0,1,0.3333,0.3333,0.3333,0.0,0.1,0.5333,cnp,β1·J1=0.35 | α4·I4=0.1 | β2·J2=0.083
TXN_L_0812,legitima,28,40,1,0,0,0,0.0,0,0.3333,0.3333,0.3333,0.0,0.35,0.1833,clonacion,α1·I1=0.35 | β2·J2=0.083 | β3·J3=0.067
TXN_C_0018,clonacion,47,62,1,0,0,0,0.0952,0,0.3333,0.3333,0.3333,0.0,0.3595,0.1833,clonacion,α1·I1=0.35 | β2·J2=0.083 | β3·J3=0.067
TXN_L_0329,legitima,34,46,1,0,0,0,0.0,0,0.3333,0.3333,0.3333,0.0,0.35,0.1833,clonacion,α1·I1=0.35 | β2·J2=0.083 | β3·J3=0.067
TXN_L_0501,legitima,63,104,1,0,0,0,0.0,0,0.3333,0.3333,0.3333,0.0,0.35,0.1833,clonacion,α1·I1=0.35 | β2·J2=0.083 | β3·J3=0.067
TXN_L_0012,legitima,66,98,1,0,0,0,0.0,0,0.3333,0.3333,0.3333,0.0,0.35,0.1833,clonacion,α1·I1=0.35 | β2·J2=0.083 | β3·J3=0.067
TXN_L_0442,legitima,57,96,0,0,0,1,0.0,1,0.3333,0.3333,0.3333,0.0,0.1,0.5333,cnp,β1·J1=0.35 | α4·I4=0.1 | β2·J2=0.083
TXN_L_0636,legitima,35,60,1,0,0,0,0.0,0,0.3333,0.3333,0.3333,0.0,0.35,0.1833,clonacion,α1·I1=0.35 | β2·J2=0.083 | β3·J3=0.067
TXN_L_0263,legitima,34,60,0,0,0,0,0.0,1,0.3333,0.3333,0.3333,0.0,0.0,0.5333,cnp,β1·J1=0.35 | β2·J2=0.083 | β3·J3=0.067
TXN_L_0412,legitima,71,110,0,0,0,1,0.0444,1,0.3333,0.3333,0.3333,0.0889,0.1044,0.5422,cnp,β1·J1=0.35 | α4·I4=0.1 | β2·J2=0.083
TXN_L_0455,legitima,71,110,1,0,0,0,0.025,0,0.3333,0.3333,0.3333,0.1364,0.3525,0.197,clonacion,α1·I1=0.35 | β2·J2=0.083 | β3·J3=0.067
TXN_L_0828,legitima,54,86,0,0,0,1,0.0385,1,0.3333,0.3333,0.3333,0.0,0.1039,0.5333,cnp,β1·J1=0.35 | α4·I4=0.1 | β2·J2=0.083
TXN_L_0339,legitima,57,114,0,0,0,1,0.0278,1,0.3333,0.3333,0.3333,0.0,0.1028,0.5333,cnp,β1·J1=0.35 | α4·I4=0.1 | β2·J2=0.083
TXN_L_0834,legitima,51,78,1,0,0,1,0.08,0,0.3333,0.3333,0.3333,0.0,0.458,0.1833,clonacion,α1·I1=0.35 | α4·I4=0.1 | β2·J2=0.083
TXN_L_0665,legitima,68,104,0,0,0,0,0.0294,1,0.3333,0.3333,0.3333,0.2927,0.0029,0.5626,cnp,β1·J1=0.35 | β2·J2=0.083 | β3·J3=0.067
TXN_L_0500,legitima,56,88,0,0,0,0,0.0,1,0.3333,0.3333,0.3333,0.0,0.0,0.5333,cnp,β1·J1=0.35 | β2·J2=0.083 | β3·J3=0.067
TXN_L_0886,legitima,28,52,0,0,0,1,0.3636,1,0.3333,0.3333,0.3333,0.0,0.1364,0.5333,cnp,β1·J1=0.35 | α4·I4=0.1 | β2·J2=0.083
TXN_L_0712,legitima,53,88,1,0,0,0,0.0625,0,0.3333,0.3333,0.3333,0.0,0.3562,0.1833,clonacion,α1·I1=0.35 | β2·J2=0.083 | β3·J3=0.067
TXN_L_0150,legitima,34,60,0,0,0,0,0.0,1,0.3333,0.3333,0.3333,0.0,0.0,0.5333,cnp,β1·J1=0.35 | β2·J2=0.083 | β3·J3=0.067
TXN_L_0223,legitima,49,76,1,0,0,0,0.087,0,0.3333,0.3333,0.3333,0.0,0.3587,0.1833,clonacion,α1·I1=0.35 | β2·J2=0.083 | β3·J3=0.067
TXN_L_0350,legitima,63,98,0,0,0,1,0.0,1,0.3333,0.3333,0.3333,0.0,0.1,0.5333,cnp,β1·J1=0.35 | α4·I4=0.1 | β2·J2=0.083
TXN_L_0146,legitima,63,106,1,0,0,1,0.0556,0,0.3333,0.3333,0.3333,0.0,0.4556,0.1833,clonacion,α1·I1=0.35 | α4·I4=0.1 | β2·J2=0.083
TXN_P_0022,cnp,58,72,0,0,0,0,0.0,1,0.3333,0.3333,0.3333,0.4815,0.0,0.5815,cnp,β1·J1=0.35 | β2·J2=0.083 | β3·J3=0.067
TXN_L_0392,legitima,37,62,0,0,0,1,0.0667,1,0.3333,0.3333,0.3333,0.0,0.1067,0.5333,cnp,β1·J1=0.35 | α4·I4=0.1 | β2·J2=0.083
TXN_L_0208,legitima,54,98,0,0,0,0,0.087,1,0.3333,0.3333,0.3333,0.0,0.0087,0.5333,cnp,β1·J1=0.35 | β2·J2=0.083 | β3·J3=0.067
TXN_L_0545,legitima,55,86,1,0,0,1,0.08,0,0.3333,0.3333,0.3333,0.0,0.458,0.1833,clonacion,α1·I1=0.35 | α4·I4=0.1 | β2·J2=0.083
TXN_L_0171,legitima,69,94,1,0,0,1,0.025,0,0.3333,0.3333,0.3333,0.15,0.4525,0.1983,clonacion,α1·I1=0.35 | α4·I4=0.1 | β2·J2=0.083
TXN_L_0172,legitima,45,70,1,0,0,0,0.08,0,0.3333,0.3333,0.3333,0.0,0.358,0.1833,clonacion,α1·I1=0.35 | β2·J2=0.083 | β3·J3=0.067
TXN_C_0007,clonacion,82,112,1,0,0,0,0.0294,0,0.3333,0.3333,0.3333,0.2927,0.3529,0.2126,indeterminado,α1·I1=0.35 | β2·J2=0.083 | β3·J3=0.067
TXN_P_0006,cnp,78,94,0,0,0,0,0.0294,1,0.3333,0.3333,0.3333,0.4524,0.0029,0.5786,cnp,β1·J1=0.35 | β2·J2=0.083 | β3·J3=0.067
TXN_L_0347,legitima,62,112,0,0,0,1,0.08,1,0.3333,0.3333,0.3333,0.0,0.108,0.5333,cnp,β1·J1=0.35 | α4·I4=0.1 | β2·J2=0.083
TXN_L_0893,legitima,63,106,1,0,0,0,0.0278,0,0.3333,0.3333,0.3333,0.0,0.3528,0.1833,clonacion,α1·I1=0.35 | β2·J2=0.083 | β3·J3=0.067
TXN_L_0261,legitima,54,98,1,0,0,0,0.0,0,0.3333,0.3333,0.3333,0.0,0.35,0.1833,clonacion,α1·I1=0.35 | β2·J2=0.083 | β3·J3=0.067
TXN_L_0783,legitima,55,88,1,0,0,1,0.0,0,0.3333,0.3333,0.3333,0.0,0.45,0.1833,clonacion,α1·I1=0.35 | α4·I4=0.1 | β2·J2=0.083
TXN_L_0546,legitima,57,90,1,0,0,0,0.0,0,0.3333,0.3333,0.3333,0.0,0.35,0.1833,clonacion,α1·I1=0.35 | β2·J2=0.083 | β3·J3=0.067
TXN_L_0374,legitima,48,74,0,0,0,1,0.0,1,0.3333,0.3333,0.3333,0.0,0.1,0.5333,cnp,β1·J1=0.35 | α4·I4=0.1 | β2·J2=0.083
TXN_L_0691,legitima,44,66,0,0,0,1,0.1364,1,0.3333,0.3333,0.3333,0.0,0.1136,0.5333,cnp,β1·J1=0.35 | α4·I4=0.1 | β2·J2=0.083
TXN_L_0739,legitima,32,42,0,0,0,0,0.0526,1,0.3333,0.3333,0.3333,0.0,0.0053,0.5333,cnp,β1·J1=0.35 | β2·J2=0.083 | β3·J3=0.067
TXN_L_0050,legitima,64,104,0,0,0,1,0.0556,1,0.3333,0.3333,0.3333,0.0,0.1056,0.5333,cnp,β1·J1=0.35 | α4·I4=0.1 | β2·J2=0.083
TXN_L_0021,legitima,57,90,1,0,0,0,0.0,0,0.3333,0.3333,0.3333,0.0,0.35,0.1833,clonacion,α1·I1=0.35 | β2·J2=0.083 | β3·J3=0.067
TXN_L_0246,legitima,66,100,1,0,0,1,0.0556,0,0.3333,0.3333,0.3333,0.0,0.4556,0.1833,clonacion,α1·I1=0.35 | α4·I4=0.1 | β2·J2=0.083
TXN_L_0457,legitima,77,112,1,0,0,1,0.0444,0,0.3333,0.3333,0.3333,0.0851,0.4544,0.1918,clonacion,α1·I1=0.35 | α4·I4=0.1 | β2·J2=0.083
TXN_L_0818,legitima,66,92,0,0,0,1,0.1364,1,0.3333,0.3333,0.3333,0.2121,0.1136,0.5545,cnp,β1·J1=0.35 | α4·I4=0.1 | β2·J2=0.083
TXN_L_0393,legitima,66,100,1,0,0,0,0.0556,0,0.3333,0.3333,0.3333,0.0,0.3556,0.1833,clonacion,α1·I1=0.35 | β2·J2=0.083 | β3·J3=0.067
TXN_L_0466,legitima,63,104,1,0,0,0,0.0,0,0.3333,0.3333,0.3333,0.0,0.35,0.1833,clonacion,α1·I1=0.35 | β2·J2=0.083 | β3·J3=0.067
TXN_L_0001,legitima,62,98,1,0,0,0,0.0,0,0.3333,0.3333,0.3333,0.0,0.35,0.1833,clonacion,α1·I1=0.35 | β2·J2=0.083 | β3·J3=0.067
TXN_L_0543,legitima,55,72,1,0,0,0,0.0,0,0.3333,0.3333,0.3333,0.3462,0.35,0.2179,indeterminado,α1·I1=0.35 | β2·J2=0.083 | β3·J3=0.067
TXN_L_0122,legitima,75,110,1,0,0,0,0.025,0,0.3333,0.3333,0.3333,0.1364,0.3525,0.197,clonacion,α1·I1=0.35 | β2·J2=0.083 | β3·J3=0.067
TXN_L_0244,legitima,60,104,1,0,0,0,0.0,0,0.3333,0.3333,0.3333,0.0,0.35,0.1833,clonacion,α1·I1=0.35 | β2·J2=0.083 | β3·J3=0.067
TXN_L_0450,legitima,57,82,0,0,0,1,0.0625,1,0.3333,0.3333,0.3333,0.0,0.1063,0.5333,cnp,β1·J1=0.35 | α4·I4=0.1 | β2·J2=0.083
TXN_L_0051,legitima,61,94,0,0,0,0,0.0,1,0.3333,0.3333,0.3333,0.0,0.0,0.5333,cnp,β1·J1=0.35 | β2·J2=0.083 | β3·J3=0.067
TXN_L_0615,legitima,69,120,1,0,0,0,0.0625,0,0.3333,0.3333,0.3333,0.0,0.3562,0.1833,clonacion,α1·I1=0.35 | β2·J2=0.083 | β3·J3=0.067
TXN_L_0337,legitima,44,62,0,0,0,0,0.0476,1,0.3333,0.3333,0.3333,0.0,0.0048,0.5333,cnp,β1·J1=0.35 | β2·J2=0.083 | β3·J3=0.067
TXN_L_0718,legitima,36,48,0,0,0,0,0.0667,1,0.3333,0.3333,0.3333,0.0,0.0067,0.5333,cnp,β1·J1=0.35 | β2·J2=0.083 | β3·J3=0.067
TXN_L_0750,legitima,50,70,0,0,0,0,0.0476,1,0.3333,0.3333,0.3333,0.0,0.0048,0.5333,cnp,β1·J1=0.35 | β2·J2=0.083 | β3·J3=0.067
TXN_L_0830,legitima,69,110,0,0,0,1,0.0,1,0.3333,0.3333,0.3333,0.0,0.1,0.5333,cnp,β1·J1=0.35 | α4·I4=0.1 | β2·J2=0.083
TXN_L_0255,legitima,40,64,0,0,0,0,0.1,1,0.3333,0.3333,0.3333,0.0,0.01,0.5333,cnp,β1·J1=0.35 | β2·J2=0.083 | β3·J3=0.067
TXN_L_0287,legitima,63,84,1,0,0,0,0.0294,0,0.3333,0.3333,0.3333,0.3333,0.3529,0.2166,indeterminado,α1·I1=0.35 | β2·J2=0.083 | β3·J3=0.067
TXN_L_0721,legitima,52,76,1,0,0,0,0.0952,0,0.3333,0.3333,0.3333,0.0,0.3595,0.1833,clonacion,α1·I1=0.35 | β2·J2=0.083 | β3·J3=0.067
TXN_L_0275,legitima,62,102,0,0,0,0,0.0,1,0.3333,0.3333,0.3333,0.0,0.0,0.5333,cnp,β1·J1=0.35 | β2·J2=0.083 | β3·J3=0.067
TXN_L_0804,legitima,44,62,0,0,0,0,0.1364,1,0.3333,0.3333,0.3333,0.0,0.0136,0.5333,cnp,β1·J1=0.35 | β2·J2=0.083 | β3·J3=0.067
TXN_L_0757,legitima,27,34,0,0,0,1,0.2,1,0.3333,0.3333,0.3333,0.0,0.12,0.5333,cnp,β1·J1=0.35 | α4·I4=0.1 | β2·J2=0.083
TXN_L_0860,legitima,64,98,1,0,0,0,0.0625,0,0.3333,0.3333,0.3333,0.0,0.3562,0.1833,clonacion,α1·I1=0.35 | β2·J2=0.083 | β3·J3=0.067
TXN_L_0085,legitima,58,100,0,0,0,1,0.0,1,0.3333,0.3333,0.3333,0.0,0.1,0.5333,cnp,β1·J1=0.35 | α4·I4=0.1 | β2·J2=0.083
TXN_L_0716,legitima,59,96,0,0,0,0,0.0278,1,0.3333,0.3333,0.3333,0.0,0.0028,0.5333,cnp,β1·J1=0.35 | β2·J2=0.083 | β3·J3=0.067
TXN_L_0849,legitima,74,104,0,0,0,1,0.0444,1,0.3333,0.3333,0.3333,0.0889,0.1044,0.5422,cnp,β1·J1=0.35 | α4·I4=0.1 | β2·J2=0.083
TXN_L_0027,legitima,68,98,0,0,0,1,0.0,1,0.3333,0.3333,0.3333,0.0,0.1,0.5333,cnp,β1·J1=0.35 | α4·I4=0.1 | β2·J2=0.083
TXN_L_0182,legitima,68,116,1,0,0,0,0.0233,0,0.3333,0.3333,0.3333,0.0,0.3523,0.1833,clonacion,α1·I1=0.35 | β2·J2=0.083 | β3·J3=0.067
TXN_L_0037,legitima,72,114,0,0,0,1,0.0444,1,0.3333,0.3333,0.3333,0.087,0.1044,0.542,cnp,β1·J1=0.35 | α4·I4=0.1 | β2·J2=0.083
TXN_L_0618,legitima,53,88,0,0,0,1,0.0625,1,0.3333,0.3333,0.3333,0.0,0.1063,0.5333,cnp,β1·J1=0.35 | α4·I4=0.1 | β2·J2=0.083
TXN_L_0133,legitima,71,110,1,0,0,0,0.0233,0,0.3333,0.3333,0.3333,0.0,0.3523,0.1833,clonacion,α1·I1=0.35 | β2·J2=0.083 | β3·J3=0.067
TXN_L_0728,legitima,62,94,0,0,0,1,0.0,1,0.3333,0.3333,0.3333,0.0,0.1,0.5333,cnp,β1·J1=0.35 | α4·I4=0.1 | β2·J2=0.083
TXN_L_0747,legitima,57,102,0,0,0,0,0.0,1,0.3333,0.3333,0.3333,0.0,0.0,0.5333,cnp,β1·J1=0.35 | β2·J2=0.083 | β3·J3=0.067
TXN_L_0185,legitima,45,62,1,0,0,0,0.0,0,0.3333,0.3333,0.3333,0.0,0.35,0.1833,clonacion,α1·I1=0.35 | β2·J2=0.083 | β3·J3=0.067
TXN_L_0644,legitima,48,70,0,0,0,0,0.0952,1,0.3333,0.3333,0.3333,0.0,0.0095,0.5333,cnp,β1·J1=0.35 | β2·J2=0.083 | β3·J3=0.067
TXN_L_0846,legitima,68,106,0,0,0,0,0.0556,1,0.3333,0.3333,0.3333,0.0,0.0056,0.5333,cnp,β1·J1=0.35 | β2·J2=0.083 | β3·J3=0.067
TXN_L_0620,legitima,39,64,1,0,0,1,0.0,0,0.3333,0.3333,0.3333,0.0,0.45,0.1833,clonacion,α1·I1=0.35 | α4·I4=0.1 | β2·J2=0.083
TXN_L_0425,legitima,37,58,1,0,0,1,0.1176,0,0.3333,0.3333,0.3333,0.0,0.4618,0.1833,clonacion,α1·I1=0.35 | α4·I4=0.1 | β2·J2=0.083
TXN_C_0032,clonacion,36,52,1,0,0,0,0.3636,0,0.3333,0.3333,0.3333,0.0,0.3864,0.1833,clonacion,α1·I1=0.35 | β2·J2=0.083 | β3·J3=0.067
TXN_L_0762,legitima,72,104,0,0,0,0,0.0444,1,0.3333,0.3333,0.3333,0.0889,0.0044,0.5422,cnp,β1·J1=0.35 | β2·J2=0.083 | β3·J3=0.067
TXN_L_0158,legitima,42,74,1,0,0,0,0.1,0,0.3333,0.3333,0.3333,0.0,0.36,0.1833,clonacion,α1·I1=0.35 | β2·J2=0.083 | β3·J3=0.067
TXN_L_0165,legitima,37,58,1,0,0,1,0.1176,0,0.3333,0.3333,0.3333,0.0,0.4618,0.1833,clonacion,α1·I1=0.35 | α4·I4=0.1 | β2·J2=0.083
TXN_L_0039,legitima,26,42,0,0,0,0,0.0,1,0.3333,0.3333,0.3333,0.0,0.0,0.5333,cnp,β1·J1=0.35 | β2·J2=0.083 | β3·J3=0.067
TXN_L_0612,legitima,33,48,0,0,0,0,0.0,1,0.3333,0.3333,0.3333,0.0,0.0,0.5333,cnp,β1·J1=0.35 | β2·J2=0.083 | β3·J3=0.067
TXN_L_0780,legitima,50,78,1,0,0,0,0.0,0,0.3333,0.3333,0.3333,0.0,0.35,0.1833,clonacion,α1·I1=0.35 | β2·J2=0.083 | β3·J3=0.067
TXN_L_0097,legitima,45,60,0,0,0,0,0.0385,1,0.3333,0.3333,0.3333,0.0,0.0039,0.5333,cnp,β1·J1=0.35 | β2·J2=0.083 | β3·J3=0.067
TXN_L_0600,legitima,66,92,0,0,0,0,0.0278,1,0.3333,0.3333,0.3333,0.1628,0.0028,0.5496,cnp,β1·J1=0.35 | β2·J2=0.083 | β3·J3=0.067
TXN_L_0589,legitima,44,82,0,0,0,0,0.0,1,0.3333,0.3333,0.3333,0.0,0.0,0.5333,cnp,β1·J1=0.35 | β2·J2=0.083 | β3·J3=0.067
TXN_L_0722,legitima,61,98,0,0,0,1,0.0233,1,0.3333,0.3333,0.3333,0.0,0.1023,0.5333,cnp,β1·J1=0.35 | α4·I4=0.1 | β2·J2=0.083
TXN_L_0025,legitima,69,106,1,0,0,1,0.0,0,0.3333,0.3333,0.3333,0.0,0.45,0.1833,clonacion,α1·I1=0.35 | α4·I4=0.1 | β2·J2=0.083
TXN_L_0646,legitima,35,58,0,0,0,0,0.1176,1,0.3333,0.3333,0.3333,0.0,0.0118,0.5333,cnp,β1·J1=0.35 | β2·J2=0.083 | β3·J3=0.067
TXN_L_0572,legitima,47,64,0,0,0,0,0.0385,1,0.3333,0.3333,0.3333,0.0,0.0039,0.5333,cnp,β1·J1=0.35 | β2·J2=0.083 | β3·J3=0.067
TXN_L_0270,legitima,36,46,0,0,0,0,0.0667,1,0.3333,0.3333,0.3333,0.0,0.0067,0.5333,cnp,β1·J1=0.35 | β2·J2=0.083 | β3·J3=0.067
TXN_P_0008,cnp,52,70,0,0,0,0,0.0,1,0.3333,0.3333,0.3333,0.4815,0.0,0.5815,cnp,β1·J1=0.35 | β2·J2=0.083 | β3·J3=0.067
TXN_L_0514,legitima,30,50,1,0,0,0,0.0,0,0.3333,0.3333,0.3333,0.0,0.35,0.1833,clonacion,α1·I1=0.35 | β2·J2=0.083 | β3·J3=0.067
TXN_L_0319,legitima,57,102,0,0,0,0,0.0,1,0.3333,0.3333,0.3333,0.0,0.0,0.5333,cnp,β1·J1=0.35 | β2·J2=0.083 | β3·J3=0.067
TXN_L_0015,legitima,33,44,0,0,0,0,0.0667,1,0.3333,0.3333,0.3333,0.0,0.0067,0.5333,cnp,β1·J1=0.35 | β2·J2=0.083 | β3·J3=0.067
TXN_L_0291,legitima,63,106,0,0,0,0,0.0556,1,0.3333,0.3333,0.3333,0.0,0.0056,0.5333,cnp,β1·J1=0.35 | β2·J2=0.083 | β3·J3=0.067
TXN_L_0300,legitima,53,84,1,0,0,1,0.1,0,0.3333,0.3333,0.3333,0.0,0.46,0.1833,clonacion,α1·I1=0.35 | α4·I4=0.1 | β2·J2=0.083
TXN_L_0843,legitima,67,108,1,0,0,1,0.0278,0,0.3333,0.3333,0.3333,0.0,0.4528,0.1833,clonacion,α1·I1=0.35 | α4·I4=0.1 | β2·J2=0.083
TXN_L_0254,legitima,51,90,0,0,0,1,0.0,1,0.3333,0.3333,0.3333,0.0,0.1,0.5333,cnp,β1·J1=0.35 | α4·I4=0.1 | β2·J2=0.083
TXN_L_0219,legitima,60,102,0,0,0,0,0.0526,1,0.3333,0.3333,0.3333,0.0,0.0053,0.5333,cnp,β1·J1=0.35 | β2·J2=0.083 | β3·J3=0.067
TXN_L_0203,legitima,42,64,1,0,0,0,0.0,0,0.3333,0.3333,0.3333,0.0,0.35,0.1833,clonacion,α1·I1=0.35 | β2·J2=0.083 | β3·J3=0.067
TXN_L_0437,legitima,76,124,1,0,0,1,0.0233,0,0.3333,0.3333,0.3333,0.0,0.4523,0.1833,clonacion,α1·I1=0.35 | α4·I4=0.1 | β2·J2=0.083
TXN_L_0428,legitima,35,62,1,0,0,1,0.0,0,0.3333,0.3333,0.3333,0.0,0.45,0.1833,clonacion,α1·I1=0.35 | α4·I4=0.1 | β2·J2=0.083
TXN_L_0000,legitima,32,48,1,0,0,0,0.0,0,0.3333,0.3333,0.3333,0.0,0.35,0.1833,clonacion,α1·I1=0.35 | β2·J2=0.083 | β3·J3=0.067
TXN_L_0405,legitima,60,100,1,0,0,0,0.0,0,0.3333,0.3333,0.3333,0.0,0.35,0.1833,clonacion,α1·I1=0.35 | β2·J2=0.083 | β3·J3=0.067
TXN_L_0349,legitima,39,60,0,0,0,0,0.0,1,0.3333,0.3333,0.3333,0.0,0.0,0.5333,cnp,β1·J1=0.35 | β2·J2=0.083 | β3·J3=0.067
TXN_L_0598,legitima,52,74,1,0,0,0,0.0952,0,0.3333,0.3333,0.3333,0.0,0.3595,0.1833,clonacion,α1·I1=0.35 | β2·J2=0.083 | β3·J3=0.067
TXN_L_0789,legitima,48,72,0,0,0,1,0.0526,1,0.3333,0.3333,0.3333,0.0,0.1053,0.5333,cnp,β1·J1=0.35 | α4·I4=0.1 | β2·J2=0.083
TXN_L_0282,legitima,44,58,0,0,0,0,0.0385,1,0.3333,0.3333,0.3333,0.0,0.0039,0.5333,cnp,β1·J1=0.35 | β2·J2=0.083 | β3·J3=0.067
TXN_L_0257,legitima,47,80,0,0,0,1,0.1364,1,0.3333,0.3333,0.3333,0.0,0.1136,0.5333,cnp,β1·J1=0.35 | α4·I4=0.1 | β2·J2=0.083
TXN_L_0476,legitima,37,74,1,0,0,1,0.0,0,0.3333,0.3333,0.3333,0.0,0.45,0.1833,clonacion,α1·I1=0.35 | α4·I4=0.1 | β2·J2=0.083
TXN_L_0397,legitima,35,54,0,0,0,1,0.0,1,0.3333,0.3333,0.3333,0.0,0.1,0.5333,cnp,β1·J1=0.35 | α4·I4=0.1 | β2·J2=0.083
TXN_P_0001,cnp,89,120,0,0,0,0,0.025,1,0.3333,0.3333,0.3333,0.2115,0.0025,0.5545,cnp,β1·J1=0.35 | β2·J2=0.083 | β3·J3=0.067
TXN_L_0602,legitima,63,92,1,0,0,1,0.0294,0,0.3333,0.3333,0.3333,0.3429,0.4529,0.2176,clonacion,α1·I1=0.35 | α4·I4=0.1 | β2·J2=0.083
TXN_L_0647,legitima,34,48,0,0,0,0,0.0,1,0.3333,0.3333,0.3333,0.0,0.0,0.5333,cnp,β1·J1=0.35 | β2·J2=0.083 | β3·J3=0.067
TXN_L_0256,legitima,53,82,0,0,0,0,0.0,1,0.3333,0.3333,0.3333,0.0,0.0,0.5333,cnp,β1·J1=0.35 | β2·J2=0.083 | β3·J3=0.067
TXN_L_0077,legitima,46,68,0,0,0,0,0.1,1,0.3333,0.3333,0.3333,0.0,0.01,0.5333,cnp,β1·J1=0.35 | β2·J2=0.083 | β3·J3=0.067
TXN_L_0702,legitima,37,50,0,0,0,0,0.087,1,0.3333,0.3333,0.3333,0.0,0.0087,0.5333,cnp,β1·J1=0.35 | β2·J2=0.083 | β3·J3=0.067
TXN_L_0400,legitima,47,70,0,0,0,1,0.0476,1,0.3333,0.3333,0.3333,0.0,0.1048,0.5333,cnp,β1·J1=0.35 | α4·I4=0.1 | β2·J2=0.083
TXN_L_0823,legitima,48,70,1,0,0,1,0.08,0,0.3333,0.3333,0.3333,0.0,0.458,0.1833,clonacion,α1·I1=0.35 | α4·I4=0.1 | β2·J2=0.083
TXN_L_0271,legitima,96,138,1,0,0,0,0.0444,0,0.3333,0.3333,0.3333,0.1786,0.3544,0.2012,clonacion,α1·I1=0.35 | β2·J2=0.083 | β3·J3=0.067
TXN_L_0338,legitima,42,74,0,0,0,0,0.0,1,0.3333,0.3333,0.3333,0.0,0.0,0.5333,cnp,β1·J1=0.35 | β2·J2=0.083 | β3·J3=0.067
TXN_L_0322,legitima,34,64,1,0,0,0,0.0,0,0.3333,0.3333,0.3333,0.0,0.35,0.1833,clonacion,α1·I1=0.35 | β2·J2=0.083 | β3·J3=0.067
TXN_L_0181,legitima,60,90,0,0,0,0,0.0,1,0.3333,0.3333,0.3333,0.0,0.0,0.5333,cnp,β1·J1=0.35 | β2·J2=0.083 | β3·J3=0.067
TXN_L_0763,legitima,45,68,0,0,0,1,0.087,1,0.3333,0.3333,0.3333,0.0,0.1087,0.5333,cnp,β1·J1=0.35 | α4·I4=0.1 | β2·J2=0.083
TXN_L_0041,legitima,70,106,1,0,0,0,0.0233,0,0.3333,0.3333,0.3333,0.0,0.3523,0.1833,clonacion,α1·I1=0.35 | β2·J2=0.083 | β3·J3=0.067
TXN_L_0436,legitima,61,86,1,0,0,1,0.0,0,0.3333,0.3333,0.3333,0.0,0.45,0.1833,clonacion,α1·I1=0.35 | α4·I4=0.1 | β2·J2=0.083
TXN_L_0424,legitima,60,94,1,0,0,1,0.0,0,0.3333,0.3333,0.3333,0.0,0.45,0.1833,clonacion,α1·I1=0.35 | α4·I4=0.1 | β2·J2=0.083
TXN_L_0537,legitima,34,46,0,0,0,0,0.0,1,0.3333,0.3333,0.3333,0.0,0.0,0.5333,cnp,β1·J1=0.35 | β2·J2=0.083 | β3·J3=0.067
TXN_L_0032,legitima,36,56,0,0,0,1,0.1,1,0.3333,0.3333,0.3333,0.0,0.11,0.5333,cnp,β1·J1=0.35 | α4·I4=0.1 | β2·J2=0.083
TXN_L_0561,legitima,62,112,0,0,0,1,0.08,1,0.3333,0.3333,0.3333,0.0,0.108,0.5333,cnp,β1·J1=0.35 | α4·I4=0.1 | β2·J2=0.083
TXN_L_0832,legitima,72,102,1,0,0,0,0.0444,0,0.3333,0.3333,0.3333,0.087,0.3544,0.192,clonacion,α1·I1=0.35 | β2·J2=0.083 | β3·J3=0.067
TXN_L_0407,legitima,54,70,0,0,0,0,0.0,1,0.3333,0.3333,0.3333,0.3214,0.0,0.5655,cnp,β1·J1=0.35 | β2·J2=0.083 | β3·J3=0.067
TXN_L_0883,legitima,46,66,1,0,0,0,0.0,0,0.3333,0.3333,0.3333,0.0,0.35,0.1833,clonacion,α1·I1=0.35 | β2·J2=0.083 | β3·J3=0.067
TXN_L_0667,legitima,42,74,1,0,0,0,0.1,0,0.3333,0.3333,0.3333,0.0,0.36,0.1833,clonacion,α1·I1=0.35 | β2·J2=0.083 | β3·J3=0.067
TXN_L_0552,legitima,52,74,1,0,0,1,0.0385,0,0.3333,0.3333,0.3333,0.0,0.4538,0.1833,clonacion,α1·I1=0.35 | α4·I4=0.1 | β2·J2=0.083
TXN_L_0232,legitima,51,74,0,0,0,1,0.087,1,0.3333,0.3333,0.3333,0.0,0.1087,0.5333,cnp,β1·J1=0.35 | α4·I4=0.1 | β2·J2=0.083
TXN_L_0584,legitima,73,116,0,0,0,0,0.025,1,0.3333,0.3333,0.3333,0.1224,0.0025,0.5456,cnp,β1·J1=0.35 | β2·J2=0.083 | β3·J3=0.067
TXN_L_0622,legitima,28,42,0,0,0,0,0.0,1,0.3333,0.3333,0.3333,0.0,0.0,0.5333,cnp,β1·J1=0.35 | β2·J2=0.083 | β3·J3=0.067
TXN_C_0030,clonacion,50,70,1,0,0,1,0.0952,0,0.3333,0.3333,0.3333,0.0,0.4595,0.1833,clonacion,α1·I1=0.35 | α4·I4=0.1 | β2·J2=0.083
TXN_L_0384,legitima,60,106,0,0,0,1,0.0278,1,0.3333,0.3333,0.3333,0.0,0.1028,0.5333,cnp,β1·J1=0.35 | α4·I4=0.1 | β2·J2=0.083
TXN_L_0831,legitima,35,46,1,0,0,0,0.0,0,0.3333,0.3333,0.3333,0.0,0.35,0.1833,clonacion,α1·I1=0.35 | β2·J2=0.083 | β3·J3=0.067
TXN_L_0451,legitima,68,108,1,0,0,0,0.0233,0,0.3333,0.3333,0.3333,0.0,0.3523,0.1833,clonacion,α1·I1=0.35 | β2·J2=0.083 | β3·J3=0.067
TXN_C_0016,clonacion,70,102,1,0,0,0,0.0556,0,0.3333,0.3333,0.3333,0.0,0.3556,0.1833,clonacion,α1·I1=0.35 | β2·J2=0.083 | β3·J3=0.067
TXN_L_0431,legitima,43,60,0,0,0,0,0.1364,1,0.3333,0.3333,0.3333,0.0,0.0136,0.5333,cnp,β1·J1=0.35 | β2·J2=0.083 | β3·J3=0.067
TXN_L_0295,legitima,54,80,0,0,0,0,0.0,1,0.3333,0.3333,0.3333,0.0,0.0,0.5333,cnp,β1·J1=0.35 | β2·J2=0.083 | β3·J3=0.067
TXN_L_0774,legitima,73,108,1,0,0,0,0.0444,0,0.3333,0.3333,0.3333,0.087,0.3544,0.192,clonacion,α1·I1=0.35 | β2·J2=0.083 | β3·J3=0.067
TXN_L_0697,legitima,47,70,0,0,0,1,0.0476,1,0.3333,0.3333,0.3333,0.0,0.1048,0.5333,cnp,β1·J1=0.35 | α4·I4=0.1 | β2·J2=0.083
TXN_L_0677,legitima,41,66,0,0,0,0,0.0,1,0.3333,0.3333,0.3333,0.0,0.0,0.5333,cnp,β1·J1=0.35 | β2·J2=0.083 | β3·J3=0.067
TXN_C_0006,clonacion,38,58,1,0,0,0,0.1429,0,0.3333,0.3333,0.3333,0.0,0.3643,0.1833,clonacion,α1·I1=0.35 | β2·J2=0.083 | β3·J3=0.067
TXN_L_0664,legitima,31,46,1,0,0,0,0.0667,0,0.3333,0.3333,0.3333,0.0,0.3567,0.1833,clonacion,α1·I1=0.35 | β2·J2=0.083 | β3·J3=0.067
TXN_L_0117,legitima,49,68,1,0,0,1,0.0,0,0.3333,0.3333,0.3333,0.0,0.45,0.1833,clonacion,α1·I1=0.35 | α4·I4=0.1 | β2·J2=0.083
TXN_P_0032,cnp,70,94,0,0,0,0,0.0294,1,0.3333,0.3333,0.3333,0.4211,0.0029,0.5754,cnp,β1·J1=0.35 | β2·J2=0.083 | β3·J3=0.067
TXN_L_0540,legitima,48,78,1,0,0,0,0.0,0,0.3333,0.3333,0.3333,0.0,0.35,0.1833,clonacion,α1·I1=0.35 | β2·J2=0.083 | β3·J3=0.067
TXN_L_0195,legitima,39,54,0,0,0,1,0.1,1,0.3333,0.3333,0.3333,0.0,0.11,0.5333,cnp,β1·J1=0.35 | α4·I4=0.1 | β2·J2=0.083
TXN_L_0342,legitima,31,50,1,0,0,1,0.1176,0,0.3333,0.3333,0.3333,0.0,0.4618,0.1833,clonacion,α1·I1=0.35 | α4·I4=0.1 | β2·J2=0.083
TXN_L_0580,legitima,53,86,1,0,0,0,0.0,0,0.3333,0.3333,0.3333,0.0,0.35,0.1833,clonacion,α1·I1=0.35 | β2·J2=0.083 | β3·J3=0.067
TXN_L_0474,legitima,67,100,0,0,0,0,0.0556,1,0.3333,0.3333,0.3333,0.0,0.0056,0.5333,cnp,β1·J1=0.35 | β2·J2=0.083 | β3·J3=0.067
TXN_L_0209,legitima,88,142,0,0,0,0,0.0444,1,0.3333,0.3333,0.3333,0.08,0.0044,0.5413,cnp,β1·J1=0.35 | β2·J2=0.083 | β3·J3=0.067
TXN_L_0093,legitima,60,104,0,0,0,1,0.0,1,0.3333,0.3333,0.3333,0.0,0.1,0.5333,cnp,β1·J1=0.35 | α4·I4=0.1 | β2·J2=0.083
TXN_L_0460,legitima,53,84,0,0,0,0,0.0385,1,0.3333,0.3333,0.3333,0.0,0.0039,0.5333,cnp,β1·J1=0.35 | β2·J2=0.083 | β3·J3=0.067
TXN_L_0343,legitima,92,128,1,0,0,1,0.0444,0,0.3333,0.3333,0.3333,0.1786,0.4544,0.2012,clonacion,α1·I1=0.35 | α4·I4=0.1 | β2·J2=0.083
TXN_L_0206,legitima,36,54,0,0,0,0,0.1176,1,0.3333,0.3333,0.3333,0.0,0.0118,0.5333,cnp,β1·J1=0.35 | β2·J2=0.083 | β3·J3=0.067
TXN_L_0197,legitima,58,84,0,0,0,0,0.0625,1,0.3333,0.3333,0.3333,0.0,0.0063,0.5333,cnp,β1·J1=0.35 | β2·J2=0.083 | β3·J3=0.067
TXN_L_0334,legitima,53,74,0,0,0,1,0.0385,1,0.3333,0.3333,0.3333,0.0,0.1039,0.5333,cnp,β1·J1=0.35 | α4·I4=0.1 | β2·J2=0.083
TXN_L_0438,legitima,43,66,0,0,0,0,0.0,1,0.3333,0.3333,0.3333,0.0,0.0,0.5333,cnp,β1·J1=0.35 | β2·J2=0.083 | β3·J3=0.067
TXN_L_0170,legitima,61,90,1,0,0,1,0.0,0,0.3333,0.3333,0.3333,0.0,0.45,0.1833,clonacion,α1·I1=0.35 | α4·I4=0.1 | β2·J2=0.083
TXN_L_0253,legitima,41,54,1,0,0,1,0.0476,0,0.3333,0.3333,0.3333,0.0,0.4548,0.1833,clonacion,α1·I1=0.35 | α4·I4=0.1 | β2·J2=0.083
TXN_L_0304,legitima,32,44,1,0,0,1,0.1176,0,0.3333,0.3333,0.3333,0.0,0.4618,0.1833,clonacion,α1·I1=0.35 | α4·I4=0.1 | β2·J2=0.083
TXN_L_0054,legitima,62,96,0,0,0,1,0.0278,1,0.3333,0.3333,0.3333,0.0,0.1028,0.5333,cnp,β1·J1=0.35 | α4·I4=0.1 | β2·J2=0.083
TXN_L_0434,legitima,43,66,1,0,0,1,0.0,0,0.3333,0.3333,0.3333,0.0,0.45,0.1833,clonacion,α1·I1=0.35 | α4·I4=0.1 | β2·J2=0.083
TXN_L_0344,legitima,57,96,1,0,0,0,0.0,0,0.3333,0.3333,0.3333,0.0,0.35,0.1833,clonacion,α1·I1=0.35 | β2·J2=0.083 | β3·J3=0.067
TXN_L_0047,legitima,53,84,1,0,0,1,0.0,0,0.3333,0.3333,0.3333,0.0,0.45,0.1833,clonacion,α1·I1=0.35 | α4·I4=0.1 | β2·J2=0.083
TXN_L_0511,legitima,23,40,0,0,0,0,0.1429,1,0.3333,0.3333,0.3333,0.0,0.0143,0.5333,cnp,β1·J1=0.35 | β2·J2=0.083 | β3·J3=0.067
TXN_L_0725,legitima,37,62,0,0,0,0,0.0,1,0.3333,0.3333,0.3333,0.0,0.0,0.5333,cnp,β1·J1=0.35 | β2·J2=0.083 | β3·J3=0.067
TXN_L_0836,legitima,61,114,0,0,0,1,0.0,1,0.3333,0.3333,0.3333,0.0,0.1,0.5333,cnp,β1·J1=0.35 | α4·I4=0.1 | β2·J2=0.083
TXN_L_0575,legitima,62,100,0,0,0,0,0.0385,1,0.3333,0.3333,0.3333,0.0,0.0039,0.5333,cnp,β1·J1=0.35 | β2·J2=0.083 | β3·J3=0.067
TXN_L_0838,legitima,78,124,1,0,0,1,0.0,0,0.3333,0.3333,0.3333,0.0,0.45,0.1833,clonacion,α1·I1=0.35 | α4·I4=0.1 | β2·J2=0.083
TXN_L_0402,legitima,54,80,1,0,0,0,0.0,0,0.3333,0.3333,0.3333,0.0,0.35,0.1833,clonacion,α1·I1=0.35 | β2·J2=0.083 | β3·J3=0.067
TXN_L_0092,legitima,55,88,1,0,0,1,0.0435,0,0.3333,0.3333,0.3333,0.0,0.4543,0.1833,clonacion,α1·I1=0.35 | α4·I4=0.1 | β2·J2=0.083
TXN_L_0791,legitima,88,142,1,0,0,1,0.0444,0,0.3333,0.3333,0.3333,0.08,0.4544,0.1913,clonacion,α1·I1=0.35 | α4·I4=0.1 | β2·J2=0.083
TXN_L_0373,legitima,41,60,1,0,0,1,0.0,0,0.3333,0.3333,0.3333,0.0,0.45,0.1833,clonacion,α1·I1=0.35 | α4·I4=0.1 | β2·J2=0.083
TXN_P_0026,cnp,64,76,0,0,0,0,0.0,1,0.3333,0.3333,0.3333,0.4118,0.0,0.5745,cnp,β1·J1=0.35 | β2·J2=0.083 | β3·J3=0.067
TXN_L_0538,legitima,40,74,1,0,0,1,0.0435,0,0.3333,0.3333,0.3333,0.0,0.4543,0.1833,clonacion,α1·I1=0.35 | α4·I4=0.1 | β2·J2=0.083
TXN_L_0534,legitima,47,64,0,0,0,1,0.08,1,0.3333,0.3333,0.3333,0.0,0.108,0.5333,cnp,β1·J1=0.35 | α4·I4=0.1 | β2·J2=0.083
TXN_L_0729,legitima,38,56,1,0,0,0,0.0,0,0.3333,0.3333,0.3333,0.0,0.35,0.1833,clonacion,α1·I1=0.35 | β2·J2=0.083 | β3·J3=0.067
TXN_L_0230,legitima,31,48,1,0,0,1,0.0,0,0.3333,0.3333,0.3333,0.0,0.45,0.1833,clonacion,α1·I1=0.35 | α4·I4=0.1 | β2·J2=0.083
TXN_P_0007,cnp,80,106,0,0,0,1,0.0294,1,0.3333,0.3333,0.3333,0.4,0.1029,0.5733,cnp,β1·J1=0.35 | α4·I4=0.1 | β2·J2=0.083
TXN_L_0557,legitima,49,78,0,0,0,1,0.1364,1,0.3333,0.3333,0.3333,0.0,0.1136,0.5333,cnp,β1·J1=0.35 | α4·I4=0.1 | β2·J2=0.083
TXN_L_0019,legitima,71,104,0,0,0,0,0.025,1,0.3333,0.3333,0.3333,0.1333,0.0025,0.5466,cnp,β1·J1=0.35 | β2·J2=0.083 | β3·J3=0.067
TXN_L_0819,legitima,37,58,1,0,0,0,0.0,0,0.3333,0.3333,0.3333,0.0,0.35,0.1833,clonacion,α1·I1=0.35 | β2·J2=0.083 | β3·J3=0.067
TXN_L_0212,legitima,35,66,0,0,0,0,0.1,1,0.3333,0.3333,0.3333,0.0,0.01,0.5333,cnp,β1·J1=0.35 | β2·J2=0.083 | β3·J3=0.067
TXN_L_0563,legitima,56,86,0,0,0,0,0.0,1,0.3333,0.3333,0.3333,0.0,0.0,0.5333,cnp,β1·J1=0.35 | β2·J2=0.083 | β3·J3=0.067
TXN_L_0662,legitima,60,90,0,0,0,1,0.0,1,0.3333,0.3333,0.3333,0.0,0.1,0.5333,cnp,β1·J1=0.35 | α4·I4=0.1 | β2·J2=0.083
TXN_L_0023,legitima,53,76,1,0,0,1,0.08,0,0.3333,0.3333,0.3333,0.0,0.458,0.1833,clonacion,α1·I1=0.35 | α4·I4=0.1 | β2·J2=0.083
TXN_L_0131,legitima,40,66,0,0,0,0,0.1,1,0.3333,0.3333,0.3333,0.0,0.01,0.5333,cnp,β1·J1=0.35 | β2·J2=0.083 | β3·J3=0.067
TXN_L_0524,legitima,35,54,1,0,0,0,0.0,0,0.3333,0.3333,0.3333,0.0,0.35,0.1833,clonacion,α1·I1=0.35 | β2·J2=0.083 | β3·J3=0.067
TXN_L_0682,legitima,30,40,1,0,0,0,0.0,0,0.3333,0.3333,0.3333,0.0,0.35,0.1833,clonacion,α1·I1=0.35 | β2·J2=0.083 | β3·J3=0.067
TXN_L_0042,legitima,71,110,1,0,0,0,0.025,0,0.3333,0.3333,0.3333,0.1364,0.3525,0.197,clonacion,α1·I1=0.35 | β2·J2=0.083 | β3·J3=0.067
TXN_C_0017,clonacion,83,120,1,0,0,0,0.0444,0,0.3333,0.3333,0.3333,0.087,0.3544,0.192,clonacion,α1·I1=0.35 | β2·J2=0.083 | β3·J3=0.067
TXN_C_0015,clonacion,74,100,1,0,0,0,0.0444,0,0.3333,0.3333,0.3333,0.0889,0.3544,0.1922,clonacion,α1·I1=0.35 | β2·J2=0.083 | β3·J3=0.067
TXN_L_0456,legitima,54,98,0,0,0,0,0.087,1,0.3333,0.3333,0.3333,0.0,0.0087,0.5333,cnp,β1·J1=0.35 | β2·J2=0.083 | β3·J3=0.067
TXN_L_0086,legitima,57,114,1,0,0,0,0.0278,0,0.3333,0.3333,0.3333,0.0,0.3528,0.1833,clonacion,α1·I1=0.35 | β2·J2=0.083 | β3·J3=0.067
TXN_L_0617,legitima,49,70,1,0,0,0,0.0952,0,0.3333,0.3333,0.3333,0.0,0.3595,0.1833,clonacion,α1·I1=0.35 | β2·J2=0.083 | β3·J3=0.067
TXN_L_0022,legitima,55,84,1,0,0,1,0.0,0,0.3333,0.3333,0.3333,0.0,0.45,0.1833,clonacion,α1·I1=0.35 | α4·I4=0.1 | β2·J2=0.083
TXN_L_0443,legitima,36,60,1,0,0,0,0.0667,0,0.3333,0.3333,0.3333,0.0,0.3567,0.1833,clonacion,α1·I1=0.35 | β2·J2=0.083 | β3·J3=0.067
TXN_L_0408,legitima,69,120,1,0,0,0,0.0625,0,0.3333,0.3333,0.3333,0.0,0.3562,0.1833,clonacion,α1·I1=0.35 | β2·J2=0.083 | β3·J3=0.067
TXN_L_0068,legitima,73,112,1,0,0,0,0.0,0,0.3333,0.3333,0.3333,0.0,0.35,0.1833,clonacion,α1·I1=0.35 | β2·J2=0.083 | β3·J3=0.067
TXN_L_0821,legitima,70,96,1,0,0,1,0.025,0,0.3333,0.3333,0.3333,0.1463,0.4525,0.1979,clonacion,α1·I1=0.35 | α4·I4=0.1 | β2·J2=0.083
TXN_L_0498,legitima,63,84,1,0,0,0,0.0294,0,0.3333,0.3333,0.3333,0.3158,0.3529,0.2149,indeterminado,α1·I1=0.35 | β2·J2=0.083 | β3·J3=0.067
TXN_L_0233,legitima,70,96,0,0,0,0,0.0444,1,0.3333,0.3333,0.3333,0.087,0.0044,0.542,cnp,β1·J1=0.35 | β2·J2=0.083 | β3·J3=0.067
TXN_L_0406,legitima,39,60,1,0,0,1,0.0,0,0.3333,0.3333,0.3333,0.0,0.45,0.1833,clonacion,α1·I1=0.35 | α4·I4=0.1 | β2·J2=0.083
TXN_L_0394,legitima,42,58,1,0,0,1,0.0,0,0.3333,0.3333,0.3333,0.0,0.45,0.1833,clonacion,α1·I1=0.35 | α4·I4=0.1 | β2·J2=0.083
TXN_C_0031,clonacion,41,58,1,0,0,0,0.087,0,0.3333,0.3333,0.3333,0.0,0.3587,0.1833,clonacion,α1·I1=0.35 | β2·J2=0.083 | β3·J3=0.067
TXN_L_0127,legitima,32,52,0,0,0,1,0.1176,1,0.3333,0.3333,0.3333,0.0,0.1118,0.5333,cnp,β1·J1=0.35 | α4·I4=0.1 | β2·J2=0.083
TXN_L_0098,legitima,73,118,0,0,0,0,0.025,1,0.3333,0.3333,0.3333,0.1224,0.0025,0.5456,cnp,β1·J1=0.35 | β2·J2=0.083 | β3·J3=0.067
TXN_L_0056,legitima,64,90,1,0,0,1,0.0294,0,0.3333,0.3333,0.3333,0.3429,0.4529,0.2176,clonacion,α1·I1=0.35 | α4·I4=0.1 | β2·J2=0.083
TXN_L_0472,legitima,45,66,1,0,0,0,0.0,0,0.3333,0.3333,0.3333,0.0,0.35,0.1833,clonacion,α1·I1=0.35 | β2·J2=0.083 | β3·J3=0.067
TXN_P_0025,cnp,101,136,0,0,0,1,0.0444,1,0.3333,0.3333,0.3333,0.2,0.1044,0.5533,cnp,β1·J1=0.35 | α4·I4=0.1 | β2·J2=0.083
TXN_L_0415,legitima,67,92,0,0,0,1,0.025,1,0.3333,0.3333,0.3333,0.15,0.1025,0.5483,cnp,β1·J1=0.35 | α4·I4=0.1 | β2·J2=0.083
TXN_L_0016,legitima,36,62,0,0,0,1,0.0,1,0.3333,0.3333,0.3333,0.0,0.1,0.5333,cnp,β1·J1=0.35 | α4·I4=0.1 | β2·J2=0.083
TXN_L_0596,legitima,60,102,1,0,0,1,0.0526,0,0.3333,0.3333,0.3333,0.0,0.4553,0.1833,clonacion,α1·I1=0.35 | α4·I4=0.1 | β2·J2=0.083
TXN_L_0461,legitima,55,88,0,0,0,1,0.0,1,0.3333,0.3333,0.3333,0.0,0.1,0.5333,cnp,β1·J1=0.35 | α4·I4=0.1 | β2·J2=0.083
TXN_L_0380,legitima,51,90,0,0,0,1,0.0,1,0.3333,0.3333,0.3333,0.0,0.1,0.5333,cnp,β1·J1=0.35 | α4·I4=0.1 | β2·J2=0.083
TXN_C_0029,clonacion,42,54,1,0,0,0,0.1,0,0.3333,0.3333,0.3333,0.0,0.36,0.1833,clonacion,α1·I1=0.35 | β2·J2=0.083 | β3·J3=0.067
TXN_L_0533,legitima,62,82,1,0,0,0,0.1364,0,0.3333,0.3333,0.3333,0.2121,0.3636,0.2045,clonacion,α1·I1=0.35 | β2·J2=0.083 | β3·J3=0.067
TXN_P_0036,cnp,91,118,0,0,0,1,0.025,1,0.3333,0.3333,0.3333,0.2553,0.1025,0.5588,cnp,β1·J1=0.35 | α4·I4=0.1 | β2·J2=0.083
TXN_L_0009,legitima,57,90,1,0,0,0,0.0,0,0.3333,0.3333,0.3333,0.0,0.35,0.1833,clonacion,α1·I1=0.35 | β2·J2=0.083 | β3·J3=0.067
TXN_L_0073,legitima,37,50,0,0,0,0,0.0,1,0.3333,0.3333,0.3333,0.0,0.0,0.5333,cnp,β1·J1=0.35 | β2·J2=0.083 | β3·J3=0.067
TXN_L_0840,legitima,68,110,0,0,0,1,0.0,1,0.3333,0.3333,0.3333,0.0,0.1,0.5333,cnp,β1·J1=0.35 | α4·I4=0.1 | β2·J2=0.083
TXN_L_0273,legitima,46,62,1,0,0,1,0.0476,0,0.3333,0.3333,0.3333,0.0,0.4548,0.1833,clonacion,α1·I1=0.35 | α4·I4=0.1 | β2·J2=0.083
TXN_P_0037,cnp,66,88,0,0,0,0,0.0294,1,0.3333,0.3333,0.3333,0.4211,0.0029,0.5754,cnp,β1·J1=0.35 | β2·J2=0.083 | β3·J3=0.067
TXN_L_0216,legitima,38,58,1,0,0,0,0.0,0,0.3333,0.3333,0.3333,0.0,0.35,0.1833,clonacion,α1·I1=0.35 | β2·J2=0.083 | β3·J3=0.067
TXN_L_0548,legitima,62,88,1,0,0,0,0.0,0,0.3333,0.3333,0.3333,0.3214,0.35,0.2155,indeterminado,α1·I1=0.35 | β2·J2=0.083 | β3·J3=0.067
TXN_C_0008,clonacion,37,54,1,0,1,0,0.3636,0,0.3333,0.3333,0.3333,0.0,0.5864,0.1833,clonacion,α1·I1=0.35 | α3·I3=0.2 | β2·J2=0.083
TXN_C_0039,clonacion,49,60,1,0,0,0,0.1176,0,0.3333,0.3333,0.3333,0.32,0.3618,0.2153,indeterminado,α1·I1=0.35 | β2·J2=0.083 | β3·J3=0.067
TXN_L_0110,legitima,32,48,0,0,0,1,0.0,1,0.3333,0.3333,0.3333,0.0,0.1,0.5333,cnp,β1·J1=0.35 | α4·I4=0.1 | β2·J2=0.083
TXN_L_0069,legitima,65,86,1,0,0,0,0.087,0,0.3333,0.3333,0.3333,0.1944,0.3587,0.2028,clonacion,α1·I1=0.35 | β2·J2=0.083 | β3·J3=0.067
TXN_L_0760,legitima,38,52,0,0,0,0,0.0,1,0.3333,0.3333,0.3333,0.0,0.0,0.5333,cnp,β1·J1=0.35 | β2·J2=0.083 | β3·J3=0.067
TXN_C_0011,clonacion,64,94,1,0,0,0,0.0625,0,0.3333,0.3333,0.3333,0.0,0.3562,0.1833,clonacion,α1·I1=0.35 | β2·J2=0.083 | β3·J3=0.067
TXN_L_0107,legitima,54,70,1,0,0,1,0.0,0,0.3333,0.3333,0.3333,0.3214,0.45,0.2155,clonacion,α1·I1=0.35 | α4·I4=0.1 | β2·J2=0.083
TXN_L_0105,legitima,47,72,1,0,0,1,0.0,0,0.3333,0.3333,0.3333,0.0,0.45,0.1833,clonacion,α1·I1=0.35 | α4·I4=0.1 | β2·J2=0.083
TXN_P_0033,cnp,72,94,0,0,0,0,0.0,1,0.3333,0.3333,0.3333,0.3421,0.0,0.5675,cnp,β1·J1=0.35 | β2·J2=0.083 | β3·J3=0.067
TXN_L_0149,legitima,54,74,0,0,0,0,0.0385,1,0.3333,0.3333,0.3333,0.0,0.0039,0.5333,cnp,β1·J1=0.35 | β2·J2=0.083 | β3·J3=0.067
TXN_L_0221,legitima,63,104,1,0,0,0,0.0,0,0.3333,0.3333,0.3333,0.0,0.35,0.1833,clonacion,α1·I1=0.35 | β2·J2=0.083 | β3·J3=0.067
TXN_L_0174,legitima,60,100,1,0,0,1,0.0625,0,0.3333,0.3333,0.3333,0.0,0.4562,0.1833,clonacion,α1·I1=0.35 | α4·I4=0.1 | β2·J2=0.083
TXN_L_0660,legitima,50,76,0,0,0,1,0.0,1,0.3333,0.3333,0.3333,0.0,0.1,0.5333,cnp,β1·J1=0.35 | α4·I4=0.1 | β2·J2=0.083
TXN_L_0283,legitima,32,54,0,0,0,0,0.1176,1,0.3333,0.3333,0.3333,0.0,0.0118,0.5333,cnp,β1·J1=0.35 | β2·J2=0.083 | β3·J3=0.067
TXN_L_0325,legitima,75,110,1,0,0,0,0.025,0,0.3333,0.3333,0.3333,0.1364,0.3525,0.197,clonacion,α1·I1=0.35 | β2·J2=0.083 | β3·J3=0.067
TXN_L_0522,legitima,80,132,1,0,0,0,0.0233,0,0.3333,0.3333,0.3333,0.0,0.3523,0.1833,clonacion,α1·I1=0.35 | β2·J2=0.083 | β3·J3=0.067
TXN_L_0080,legitima,33,46,0,0,0,0,0.1176,1,0.3333,0.3333,0.3333,0.0,0.0118,0.5333,cnp,β1·J1=0.35 | β2·J2=0.083 | β3·J3=0.067
TXN_L_0701,legitima,33,46,1,0,0,1,0.0,0,0.3333,0.3333,0.3333,0.0,0.45,0.1833,clonacion,α1·I1=0.35 | α4·I4=0.1 | β2·J2=0.083
TXN_L_0297,legitima,55,78,0,0,0,1,0.0476,1,0.3333,0.3333,0.3333,0.0,0.1048,0.5333,cnp,β1·J1=0.35 | α4·I4=0.1 | β2·J2=0.083
TXN_L_0513,legitima,57,80,0,0,0,0,0.0556,1,0.3333,0.3333,0.3333,0.0,0.0056,0.5333,cnp,β1·J1=0.35 | β2·J2=0.083 | β3·J3=0.067
TXN_L_0711,legitima,68,100,1,0,0,1,0.0444,0,0.3333,0.3333,0.3333,0.0889,0.4544,0.1922,clonacion,α1·I1=0.35 | α4·I4=0.1 | β2·J2=0.083
TXN_L_0091,legitima,76,112,0,0,0,0,0.025,1,0.3333,0.3333,0.3333,0.1463,0.0025,0.5479,cnp,β1·J1=0.35 | β2·J2=0.083 | β3·J3=0.067
TXN_L_0361,legitima,80,112,1,0,0,0,0.025,0,0.3333,0.3333,0.3333,0.15,0.3525,0.1983,clonacion,α1·I1=0.35 | β2·J2=0.083 | β3·J3=0.067
TXN_L_0491,legitima,55,108,1,0,0,0,0.0435,0,0.3333,0.3333,0.3333,0.0,0.3543,0.1833,clonacion,α1·I1=0.35 | β2·J2=0.083 | β3·J3=0.067
TXN_L_0286,legitima,42,62,1,0,0,0,0.0526,0,0.3333,0.3333,0.3333,0.0,0.3553,0.1833,clonacion,α1·I1=0.35 | β2·J2=0.083 | β3·J3=0.067
TXN_L_0145,legitima,44,64,1,0,0,0,0.1364,0,0.3333,0.3333,0.3333,0.0,0.3636,0.1833,clonacion,α1·I1=0.35 | β2·J2=0.083 | β3·J3=0.067
TXN_L_0736,legitima,69,120,1,0,0,0,0.0625,0,0.3333,0.3333,0.3333,0.0,0.3562,0.1833,clonacion,α1·I1=0.35 | β2·J2=0.083 | β3·J3=0.067
TXN_L_0518,legitima,61,98,1,0,0,1,0.0,0,0.3333,0.3333,0.3333,0.0,0.45,0.1833,clonacion,α1·I1=0.35 | α4·I4=0.1 | β2·J2=0.083
TXN_L_0112,legitima,61,98,0,0,0,1,0.0233,1,0.3333,0.3333,0.3333,0.0,0.1023,0.5333,cnp,β1·J1=0.35 | α4·I4=0.1 | β2·J2=0.083
TXN_L_0459,legitima,57,102,1,0,0,1,0.0,0,0.3333,0.3333,0.3333,0.0,0.45,0.1833,clonacion,α1·I1=0.35 | α4·I4=0.1 | β2·J2=0.083
TXN_L_0081,legitima,69,94,0,0,0,1,0.0294,1,0.3333,0.3333,0.3333,0.3,0.1029,0.5633,cnp,β1·J1=0.35 | α4·I4=0.1 | β2·J2=0.083
TXN_L_0375,legitima,61,112,0,0,0,1,0.0233,1,0.3333,0.3333,0.3333,0.0,0.1023,0.5333,cnp,β1·J1=0.35 | α4·I4=0.1 | β2·J2=0.083
TXN_L_0731,legitima,61,92,1,0,0,0,0.0233,0,0.3333,0.3333,0.3333,0.0,0.3523,0.1833,clonacion,α1·I1=0.35 | β2·J2=0.083 | β3·J3=0.067
TXN_L_0298,legitima,62,102,0,0,0,0,0.0,1,0.3333,0.3333,0.3333,0.0,0.0,0.5333,cnp,β1·J1=0.35 | β2·J2=0.083 | β3·J3=0.067
TXN_L_0126,legitima,54,80,1,0,0,1,0.0952,0,0.3333,0.3333,0.3333,0.0,0.4595,0.1833,clonacion,α1·I1=0.35 | α4·I4=0.1 | β2·J2=0.083
TXN_L_0771,legitima,41,66,0,0,0,0,0.0,1,0.3333,0.3333,0.3333,0.0,0.0,0.5333,cnp,β1·J1=0.35 | β2·J2=0.083 | β3·J3=0.067
TXN_P_0011,cnp,94,130,0,0,0,0,0.0444,1,0.3333,0.3333,0.3333,0.1786,0.0044,0.5512,cnp,β1·J1=0.35 | β2·J2=0.083 | β3·J3=0.067
TXN_L_0355,legitima,58,100,1,0,0,0,0.0,0,0.3333,0.3333,0.3333,0.0,0.35,0.1833,clonacion,α1·I1=0.35 | β2·J2=0.083 | β3·J3=0.067
TXN_L_0331,legitima,61,112,0,0,0,1,0.0233,1,0.3333,0.3333,0.3333,0.0,0.1023,0.5333,cnp,β1·J1=0.35 | α4·I4=0.1 | β2·J2=0.083
TXN_L_0792,legitima,37,58,1,0,0,1,0.0435,0,0.3333,0.3333,0.3333,0.0,0.4543,0.1833,clonacion,α1·I1=0.35 | α4·I4=0.1 | β2·J2=0.083
TXN_L_0495,legitima,70,108,1,0,0,0,0.0,0,0.3333,0.3333,0.3333,0.0,0.35,0.1833,clonacion,α1·I1=0.35 | β2·J2=0.083 | β3·J3=0.067
TXN_L_0656,legitima,64,104,0,0,0,0,0.0556,1,0.3333,0.3333,0.3333,0.0,0.0056,0.5333,cnp,β1·J1=0.35 | β2·J2=0.083 | β3·J3=0.067
TXN_L_0737,legitima,37,58,1,0,0,0,0.0,0,0.3333,0.3333,0.3333,0.0,0.35,0.1833,clonacion,α1·I1=0.35 | β2·J2=0.083 | β3·J3=0.067
TXN_P_0038,cnp,90,122,0,0,0,0,0.0444,1,0.3333,0.3333,0.3333,0.2,0.0044,0.5533,cnp,β1·J1=0.35 | β2·J2=0.083 | β3·J3=0.067
TXN_L_0222,legitima,36,60,0,0,0,0,0.0,1,0.3333,0.3333,0.3333,0.0,0.0,0.5333,cnp,β1·J1=0.35 | β2·J2=0.083 | β3·J3=0.067
TXN_L_0399,legitima,49,78,0,0,0,1,0.1364,1,0.3333,0.3333,0.3333,0.0,0.1136,0.5333,cnp,β1·J1=0.35 | α4·I4=0.1 | β2·J2=0.083
TXN_L_0296,legitima,52,76,1,0,0,1,0.0385,0,0.3333,0.3333,0.3333,0.0,0.4538,0.1833,clonacion,α1·I1=0.35 | α4·I4=0.1 | β2·J2=0.083
TXN_L_0505,legitima,68,98,1,0,0,0,0.0444,0,0.3333,0.3333,0.3333,0.0889,0.3544,0.1922,clonacion,α1·I1=0.35 | β2·J2=0.083 | β3·J3=0.067
TXN_P_0034,cnp,73,88,0,0,0,0,0.0,1,0.3333,0.3333,0.3333,0.5,0.0,0.5833,cnp,β1·J1=0.35 | β2·J2=0.083 | β3·J3=0.067
TXN_L_0707,legitima,60,104,1,0,0,0,0.0,0,0.3333,0.3333,0.3333,0.0,0.35,0.1833,clonacion,α1·I1=0.35 | β2·J2=0.083 | β3·J3=0.067
TXN_L_0519,legitima,44,70,1,0,0,0,0.0526,0,0.3333,0.3333,0.3333,0.0,0.3553,0.1833,clonacion,α1·I1=0.35 | β2·J2=0.083 | β3·J3=0.067
TXN_L_0178,legitima,60,86,1,0,0,0,0.0,0,0.3333,0.3333,0.3333,0.0,0.35,0.1833,clonacion,α1·I1=0.35 | β2·J2=0.083 | β3·J3=0.067
TXN_L_0892,legitima,82,136,0,0,0,1,0.025,1,0.3333,0.3333,0.3333,0.1224,0.1025,0.5456,cnp,β1·J1=0.35 | α4·I4=0.1 | β2·J2=0.083
TXN_L_0885,legitima,48,82,1,0,0,0,0.0435,0,0.3333,0.3333,0.3333,0.0,0.3543,0.1833,clonacion,α1·I1=0.35 | β2·J2=0.083 | β3·J3=0.067
TXN_L_0135,legitima,35,58,0,0,0,0,0.0,1,0.3333,0.3333,0.3333,0.0,0.0,0.5333,cnp,β1·J1=0.35 | β2·J2=0.083 | β3·J3=0.067
TXN_L_0698,legitima,61,112,0,0,0,1,0.0233,1,0.3333,0.3333,0.3333,0.0,0.1023,0.5333,cnp,β1·J1=0.35 | α4·I4=0.1 | β2·J2=0.083
TXN_L_0570,legitima,34,66,0,0,0,1,0.0,1,0.3333,0.3333,0.3333,0.0,0.1,0.5333,cnp,β1·J1=0.35 | α4·I4=0.1 | β2·J2=0.083
TXN_L_0630,legitima,62,102,1,0,0,1,0.0,0,0.3333,0.3333,0.3333,0.0,0.45,0.1833,clonacion,α1·I1=0.35 | α4·I4=0.1 | β2·J2=0.083
TXN_L_0560,legitima,28,40,0,0,0,1,0.0667,1,0.3333,0.3333,0.3333,0.0,0.1067,0.5333,cnp,β1·J1=0.35 | α4·I4=0.1 | β2·J2=0.083
TXN_L_0281,legitima,21,40,1,0,0,1,0.2,0,0.3333,0.3333,0.3333,0.0,0.47,0.1833,clonacion,α1·I1=0.35 | α4·I4=0.1 | β2·J2=0.083
TXN_L_0096,legitima,35,52,0,0,0,1,0.1176,1,0.3333,0.3333,0.3333,0.0,0.1118,0.5333,cnp,β1·J1=0.35 | α4·I4=0.1 | β2·J2=0.083
TXN_L_0526,legitima,47,80,1,0,0,0,0.1364,0,0.3333,0.3333,0.3333,0.0,0.3636,0.1833,clonacion,α1·I1=0.35 | β2·J2=0.083 | β3·J3=0.067
TXN_L_0272,legitima,56,82,1,0,0,0,0.0278,0,0.3333,0.3333,0.3333,0.0,0.3528,0.1833,clonacion,α1·I1=0.35 | β2·J2=0.083 | β3·J3=0.067
TXN_L_0837,legitima,39,64,0,0,0,1,0.0,1,0.3333,0.3333,0.3333,0.0,0.1,0.5333,cnp,β1·J1=0.35 | α4·I4=0.1 | β2·J2=0.083
TXN_L_0705,legitima,41,60,1,0,0,0,0.0,0,0.3333,0.3333,0.3333,0.0,0.35,0.1833,clonacion,α1·I1=0.35 | β2·J2=0.083 | β3·J3=0.067
TXN_L_0164,legitima,37,58,1,0,0,0,0.0,0,0.3333,0.3333,0.3333,0.0,0.35,0.1833,clonacion,α1·I1=0.35 | β2·J2=0.083 | β3·J3=0.067
TXN_L_0108,legitima,62,100,0,0,0,1,0.0233,1,0.3333,0.3333,0.3333,0.0,0.1023,0.5333,cnp,β1·J1=0.35 | α4·I4=0.1 | β2·J2=0.083
TXN_L_0388,legitima,52,80,0,0,0,1,0.0,1,0.3333,0.3333,0.3333,0.0,0.1,0.5333,cnp,β1·J1=0.35 | α4·I4=0.1 | β2·J2=0.083
TXN_L_0390,legitima,55,78,0,0,0,1,0.0476,1,0.3333,0.3333,0.3333,0.0,0.1048,0.5333,cnp,β1·J1=0.35 | α4·I4=0.1 | β2·J2=0.083
TXN_L_0839,legitima,31,42,1,0,0,0,0.1176,0,0.3333,0.3333,0.3333,0.0,0.3618,0.1833,clonacion,α1·I1=0.35 | β2·J2=0.083 | β3·J3=0.067
TXN_L_0378,legitima,63,104,1,0,0,0,0.0,0,0.3333,0.3333,0.3333,0.0,0.35,0.1833,clonacion,α1·I1=0.35 | β2·J2=0.083 | β3·J3=0.067
TXN_L_0241,legitima,28,40,0,0,0,0,0.0,1,0.3333,0.3333,0.3333,0.0,0.0,0.5333,cnp,β1·J1=0.35 | β2·J2=0.083 | β3·J3=0.067
TXN_L_0187,legitima,58,82,1,0,0,0,0.0556,0,0.3333,0.3333,0.3333,0.0,0.3556,0.1833,clonacion,α1·I1=0.35 | β2·J2=0.083 | β3·J3=0.067
TXN_L_0311,legitima,37,58,0,0,0,1,0.1429,1,0.3333,0.3333,0.3333,0.0,0.1143,0.5333,cnp,β1·J1=0.35 | α4·I4=0.1 | β2·J2=0.083
TXN_L_0102,legitima,53,84,1,0,0,1,0.0385,0,0.3333,0.3333,0.3333,0.0,0.4538,0.1833,clonacion,α1·I1=0.35 | α4·I4=0.1 | β2·J2=0.083
TXN_L_0288,legitima,50,74,1,0,0,0,0.0,0,0.3333,0.3333,0.3333,0.0,0.35,0.1833,clonacion,α1·I1=0.35 | β2·J2=0.083 | β3·J3=0.067
TXN_L_0421,legitima,42,64,0,0,0,1,0.1,1,0.3333,0.3333,0.3333,0.0,0.11,0.5333,cnp,β1·J1=0.35 | α4·I4=0.1 | β2·J2=0.083
TXN_L_0891,legitima,58,90,0,0,0,1,0.0,1,0.3333,0.3333,0.3333,0.0,0.1,0.5333,cnp,β1·J1=0.35 | α4·I4=0.1 | β2·J2=0.083
TXN_L_0568,legitima,53,82,0,0,0,1,0.0,1,0.3333,0.3333,0.3333,0.0,0.1,0.5333,cnp,β1·J1=0.35 | α4·I4=0.1 | β2·J2=0.083
TXN_L_0597,legitima,37,62,0,0,0,0,0.0,1,0.3333,0.3333,0.3333,0.0,0.0,0.5333,cnp,β1·J1=0.35 | β2·J2=0.083 | β3·J3=0.067
TXN_L_0782,legitima,53,72,1,0,0,1,0.0385,0,0.3333,0.3333,0.3333,0.0,0.4538,0.1833,clonacion,α1·I1=0.35 | α4·I4=0.1 | β2·J2=0.083
TXN_L_0652,legitima,47,70,0,0,0,0,0.08,1,0.3333,0.3333,0.3333,0.0,0.008,0.5333,cnp,β1·J1=0.35 | β2·J2=0.083 | β3·J3=0.067
TXN_L_0079,legitima,30,40,1,0,0,0,0.0,0,0.3333,0.3333,0.3333,0.0,0.35,0.1833,clonacion,α1·I1=0.35 | β2·J2=0.083 | β3·J3=0.067
TXN_L_0669,legitima,41,70,0,0,0,1,0.0,1,0.3333,0.3333,0.3333,0.0,0.1,0.5333,cnp,β1·J1=0.35 | α4·I4=0.1 | β2·J2=0.083
TXN_L_0661,legitima,62,112,1,0,0,0,0.08,0,0.3333,0.3333,0.3333,0.0,0.358,0.1833,clonacion,α1·I1=0.35 | β2·J2=0.083 | β3·J3=0.067
TXN_L_0594,legitima,62,102,1,0,0,1,0.0,0,0.3333,0.3333,0.3333,0.0,0.45,0.1833,clonacion,α1·I1=0.35 | α4·I4=0.1 | β2·J2=0.083
TXN_L_0264,legitima,33,60,0,0,0,0,0.0,1,0.3333,0.3333,0.3333,0.0,0.0,0.5333,cnp,β1·J1=0.35 | β2·J2=0.083 | β3·J3=0.067
TXN_L_0571,legitima,42,74,0,0,0,1,0.1,1,0.3333,0.3333,0.3333,0.0,0.11,0.5333,cnp,β1·J1=0.35 | α4·I4=0.1 | β2·J2=0.083
TXN_L_0274,legitima,29,46,1,0,0,1,0.1429,0,0.3333,0.3333,0.3333,0.0,0.4643,0.1833,clonacion,α1·I1=0.35 | α4·I4=0.1 | β2·J2=0.083
TXN_L_0444,legitima,62,84,0,0,0,1,0.0,1,0.3333,0.3333,0.3333,0.3,0.1,0.5633,cnp,β1·J1=0.35 | α4·I4=0.1 | β2·J2=0.083
TXN_L_0686,legitima,40,56,0,0,0,0,0.1,1,0.3333,0.3333,0.3333,0.0,0.01,0.5333,cnp,β1·J1=0.35 | β2·J2=0.083 | β3·J3=0.067
TXN_L_0787,legitima,55,90,0,0,0,1,0.0,1,0.3333,0.3333,0.3333,0.0,0.1,0.5333,cnp,β1·J1=0.35 | α4·I4=0.1 | β2·J2=0.083
TXN_L_0198,legitima,62,98,1,0,0,0,0.0,0,0.3333,0.3333,0.3333,0.0,0.35,0.1833,clonacion,α1·I1=0.35 | β2·J2=0.083 | β3·J3=0.067
TXN_L_0742,legitima,60,102,0,0,0,0,0.0526,1,0.3333,0.3333,0.3333,0.0,0.0053,0.5333,cnp,β1·J1=0.35 | β2·J2=0.083 | β3·J3=0.067
TXN_L_0234,legitima,68,112,0,0,0,1,0.0233,1,0.3333,0.3333,0.3333,0.0,0.1023,0.5333,cnp,β1·J1=0.35 | α4·I4=0.1 | β2·J2=0.083
TXN_L_0204,legitima,45,68,0,0,0,1,0.087,1,0.3333,0.3333,0.3333,0.0,0.1087,0.5333,cnp,β1·J1=0.35 | α4·I4=0.1 | β2·J2=0.083
TXN_L_0614,legitima,69,94,1,0,0,0,0.0294,0,0.3333,0.3333,0.3333,0.3,0.3529,0.2133,indeterminado,α1·I1=0.35 | β2·J2=0.083 | β3·J3=0.067
TXN_L_0238,legitima,53,88,0,0,0,1,0.0625,1,0.3333,0.3333,0.3333,0.0,0.1063,0.5333,cnp,β1·J1=0.35 | α4·I4=0.1 | β2·J2=0.083
TXN_L_0841,legitima,44,70,1,0,0,0,0.0526,0,0.3333,0.3333,0.3333,0.0,0.3553,0.1833,clonacion,α1·I1=0.35 | β2·J2=0.083 | β3·J3=0.067
TXN_L_0101,legitima,35,60,0,0,0,1,0.0,1,0.3333,0.3333,0.3333,0.0,0.1,0.5333,cnp,β1·J1=0.35 | α4·I4=0.1 | β2·J2=0.083
TXN_C_0013,clonacion,40,62,1,0,0,0,0.1429,0,0.3333,0.3333,0.3333,0.0,0.3643,0.1833,clonacion,α1·I1=0.35 | β2·J2=0.083 | β3·J3=0.067
TXN_L_0773,legitima,48,66,1,0,0,0,0.0,0,0.3333,0.3333,0.3333,0.375,0.35,0.2208,indeterminado,α1·I1=0.35 | β2·J2=0.083 | β3·J3=0.067
TXN_L_0141,legitima,51,74,0,0,0,1,0.0,1,0.3333,0.3333,0.3333,0.0,0.1,0.5333,cnp,β1·J1=0.35 | α4·I4=0.1 | β2·J2=0.083
TXN_C_0001,clonacion,46,68,1,0,0,0,0.0435,0,0.3333,0.3333,0.3333,0.0,0.3543,0.1833,clonacion,α1·I1=0.35 | β2·J2=0.083 | β3·J3=0.067
TXN_L_0621,legitima,63,100,0,0,0,0,0.0233,1,0.3333,0.3333,0.3333,0.0,0.0023,0.5333,cnp,β1·J1=0.35 | β2·J2=0.083 | β3·J3=0.067
TXN_L_0510,legitima,71,110,0,0,0,1,0.0444,1,0.3333,0.3333,0.3333,0.0889,0.1044,0.5422,cnp,β1·J1=0.35 | α4·I4=0.1 | β2·J2=0.083
TXN_C_0022,clonacion,51,72,1,0,0,0,0.1364,0,0.3333,0.3333,0.3333,0.0,0.3636,0.1833,clonacion,α1·I1=0.35 | β2·J2=0.083 | β3·J3=0.067
TXN_L_0549,legitima,31,44,0,0,0,1,0.1176,1,0.3333,0.3333,0.3333,0.0,0.1118,0.5333,cnp,β1·J1=0.35 | α4·I4=0.1 | β2·J2=0.083
TXN_L_0777,legitima,41,62,0,0,0,0,0.0,1,0.3333,0.3333,0.3333,0.0,0.0,0.5333,cnp,β1·J1=0.35 | β2·J2=0.083 | β3·J3=0.067
TXN_L_0078,legitima,49,76,0,0,0,0,0.0,1,0.3333,0.3333,0.3333,0.0,0.0,0.5333,cnp,β1·J1=0.35 | β2·J2=0.083 | β3·J3=0.067
TXN_L_0045,legitima,71,110,0,0,0,1,0.025,1,0.3333,0.3333,0.3333,0.1364,0.1025,0.547,cnp,β1·J1=0.35 | α4·I4=0.1 | β2·J2=0.083
TXN_L_0628,legitima,37,62,1,0,0,1,0.0,0,0.3333,0.3333,0.3333,0.0,0.45,0.1833,clonacion,α1·I1=0.35 | α4·I4=0.1 | β2·J2=0.083
TXN_L_0036,legitima,49,92,1,0,0,0,0.0435,0,0.3333,0.3333,0.3333,0.0,0.3543,0.1833,clonacion,α1·I1=0.35 | β2·J2=0.083 | β3·J3=0.067
TXN_L_0084,legitima,28,52,1,0,0,0,0.3636,0,0.3333,0.3333,0.3333,0.0,0.3864,0.1833,clonacion,α1·I1=0.35 | β2·J2=0.083 | β3·J3=0.067
TXN_L_0796,legitima,60,94,1,0,0,1,0.0,0,0.3333,0.3333,0.3333,0.0,0.45,0.1833,clonacion,α1·I1=0.35 | α4·I4=0.1 | β2·J2=0.083
TXN_L_0314,legitima,37,60,0,0,0,1,0.1364,1,0.3333,0.3333,0.3333,0.0,0.1136,0.5333,cnp,β1·J1=0.35 | α4·I4=0.1 | β2·J2=0.083
TXN_L_0445,legitima,35,60,1,0,0,1,0.0,0,0.3333,0.3333,0.3333,0.0,0.45,0.1833,clonacion,α1·I1=0.35 | α4·I4=0.1 | β2·J2=0.083
TXN_L_0530,legitima,44,72,0,0,0,0,0.08,1,0.3333,0.3333,0.3333,0.0,0.008,0.5333,cnp,β1·J1=0.35 | β2·J2=0.083 | β3·J3=0.067
TXN_L_0643,legitima,50,76,1,0,0,0,0.0625,0,0.3333,0.3333,0.3333,0.0,0.3562,0.1833,clonacion,α1·I1=0.35 | β2·J2=0.083 | β3·J3=0.067
TXN_L_0356,legitima,73,118,1,0,0,1,0.025,0,0.3333,0.3333,0.3333,0.1224,0.4525,0.1956,clonacion,α1·I1=0.35 | α4·I4=0.1 | β2·J2=0.083
TXN_L_0285,legitima,60,86,0,0,0,0,0.0556,1,0.3333,0.3333,0.3333,0.0,0.0056,0.5333,cnp,β1·J1=0.35 | β2·J2=0.083 | β3·J3=0.067
TXN_C_0024,clonacion,52,72,1,0,0,0,0.0476,0,0.3333,0.3333,0.3333,0.0,0.3548,0.1833,clonacion,α1·I1=0.35 | β2·J2=0.083 | β3·J3=0.067
TXN_L_0850,legitima,42,64,0,0,0,1,0.087,1,0.3333,0.3333,0.3333,0.0,0.1087,0.5333,cnp,β1·J1=0.35 | α4·I4=0.1 | β2·J2=0.083
TXN_L_0013,legitima,61,102,0,0,0,1,0.0278,1,0.3333,0.3333,0.3333,0.0,0.1028,0.5333,cnp,β1·J1=0.35 | α4·I4=0.1 | β2·J2=0.083
TXN_L_0790,legitima,52,86,0,0,0,1,0.0625,1,0.3333,0.3333,0.3333,0.0,0.1063,0.5333,cnp,β1·J1=0.35 | α4·I4=0.1 | β2·J2=0.083
TXN_L_0180,legitima,39,62,1,0,0,0,0.0,0,0.3333,0.3333,0.3333,0.0,0.35,0.1833,clonacion,α1·I1=0.35 | β2·J2=0.083 | β3·J3=0.067
TXN_L_0648,legitima,55,88,0,0,0,1,0.0,1,0.3333,0.3333,0.3333,0.0,0.1,0.5333,cnp,β1·J1=0.35 | α4·I4=0.1 | β2·J2=0.083
TXN_L_0897,legitima,60,90,1,0,0,0,0.0278,0,0.3333,0.3333,0.3333,0.0,0.3528,0.1833,clonacion,α1·I1=0.35 | β2·J2=0.083 | β3·J3=0.067
TXN_L_0200,legitima,84,124,1,0,0,0,0.0444,0,0.3333,0.3333,0.3333,0.087,0.3544,0.192,clonacion,α1·I1=0.35 | β2·J2=0.083 | β3·J3=0.067
TXN_L_0014,legitima,77,122,1,0,0,0,0.0444,0,0.3333,0.3333,0.3333,0.0816,0.3544,0.1915,clonacion,α1·I1=0.35 | β2·J2=0.083 | β3·J3=0.067
TXN_L_0262,legitima,62,94,1,0,0,1,0.0,0,0.3333,0.3333,0.3333,0.0,0.45,0.1833,clonacion,α1·I1=0.35 | α4·I4=0.1 | β2·J2=0.083
TXN_L_0803,legitima,49,76,0,0,0,0,0.087,1,0.3333,0.3333,0.3333,0.0,0.0087,0.5333,cnp,β1·J1=0.35 | β2·J2=0.083 | β3·J3=0.067
TXN_L_0044,legitima,37,52,0,0,0,0,0.0,1,0.3333,0.3333,0.3333,0.0,0.0,0.5333,cnp,β1·J1=0.35 | β2·J2=0.083 | β3·J3=0.067
TXN_P_0023,cnp,91,116,0,0,0,0,0.025,1,0.3333,0.3333,0.3333,0.2745,0.0025,0.5608,cnp,β1·J1=0.35 | β2·J2=0.083 | β3·J3=0.067
TXN_L_0679,legitima,64,96,0,0,0,1,0.0,1,0.3333,0.3333,0.3333,0.0,0.1,0.5333,cnp,β1·J1=0.35 | α4·I4=0.1 | β2·J2=0.083
TXN_L_0368,legitima,47,80,0,0,0,1,0.1364,1,0.3333,0.3333,0.3333,0.0,0.1136,0.5333,cnp,β1·J1=0.35 | α4·I4=0.1 | β2·J2=0.083
TXN_L_0119,legitima,35,54,1,0,0,1,0.0526,0,0.3333,0.3333,0.3333,0.0,0.4553,0.1833,clonacion,α1·I1=0.35 | α4·I4=0.1 | β2·J2=0.083
TXN_L_0494,legitima,55,78,0,0,0,1,0.0,1,0.3333,0.3333,0.3333,0.0,0.1,0.5333,cnp,β1·J1=0.35 | α4·I4=0.1 | β2·J2=0.083
TXN_L_0579,legitima,56,88,0,0,0,0,0.0,1,0.3333,0.3333,0.3333,0.0,0.0,0.5333,cnp,β1·J1=0.35 | β2·J2=0.083 | β3·J3=0.067
TXN_L_0190,legitima,64,94,1,0,0,1,0.0,0,0.3333,0.3333,0.3333,0.0,0.45,0.1833,clonacion,α1·I1=0.35 | α4·I4=0.1 | β2·J2=0.083
TXN_L_0118,legitima,47,64,1,0,0,0,0.0385,0,0.3333,0.3333,0.3333,0.0,0.3538,0.1833,clonacion,α1·I1=0.35 | β2·J2=0.083 | β3·J3=0.067
TXN_C_0000,clonacion,72,98,1,0,0,0,0.025,0,0.3333,0.3333,0.3333,0.1463,0.3525,0.1979,clonacion,α1·I1=0.35 | β2·J2=0.083 | β3·J3=0.067
TXN_C_0021,clonacion,55,80,1,0,0,0,0.087,0,0.3333,0.3333,0.3333,0.0,0.3587,0.1833,clonacion,α1·I1=0.35 | β2·J2=0.083 | β3·J3=0.067
TXN_L_0100,legitima,34,66,1,0,0,0,0.0,0,0.3333,0.3333,0.3333,0.0,0.35,0.1833,clonacion,α1·I1=0.35 | β2·J2=0.083 | β3·J3=0.067
TXN_L_0024,legitima,49,88,0,0,0,1,0.0,1,0.3333,0.3333,0.3333,0.0,0.1,0.5333,cnp,β1·J1=0.35 | α4·I4=0.1 | β2·J2=0.083
TXN_L_0528,legitima,36,48,1,0,0,0,0.0,0,0.3333,0.3333,0.3333,0.0,0.35,0.1833,clonacion,α1·I1=0.35 | β2·J2=0.083 | β3·J3=0.067
TXN_L_0346,legitima,35,62,0,0,0,1,0.0,1,0.3333,0.3333,0.3333,0.0,0.1,0.5333,cnp,β1·J1=0.35 | α4·I4=0.1 | β2·J2=0.083
TXN_L_0833,legitima,46,60,0,0,0,0,0.0,1,0.3333,0.3333,0.3333,0.375,0.0,0.5708,cnp,β1·J1=0.35 | β2·J2=0.083 | β3·J3=0.067
TXN_L_0017,legitima,57,86,0,0,0,1,0.0,1,0.3333,0.3333,0.3333,0.0,0.1,0.5333,cnp,β1·J1=0.35 | α4·I4=0.1 | β2·J2=0.083
TXN_L_0521,legitima,52,100,0,0,0,1,0.0,1,0.3333,0.3333,0.3333,0.0,0.1,0.5333,cnp,β1·J1=0.35 | α4·I4=0.1 | β2·J2=0.083
TXN_L_0817,legitima,63,96,0,0,0,0,0.0556,1,0.3333,0.3333,0.3333,0.0,0.0056,0.5333,cnp,β1·J1=0.35 | β2·J2=0.083 | β3·J3=0.067
TXN_L_0715,legitima,58,92,0,0,0,1,0.0,1,0.3333,0.3333,0.3333,0.0,0.1,0.5333,cnp,β1·J1=0.35 | α4·I4=0.1 | β2·J2=0.083
TXN_L_0426,legitima,26,42,1,0,0,1,0.0,0,0.3333,0.3333,0.3333,0.0,0.45,0.1833,clonacion,α1·I1=0.35 | α4·I4=0.1 | β2·J2=0.083
TXN_C_0020,clonacion,48,70,1,0,0,0,0.1,0,0.3333,0.3333,0.3333,0.0,0.36,0.1833,clonacion,α1·I1=0.35 | β2·J2=0.083 | β3·J3=0.067
TXN_L_0708,legitima,36,60,0,0,0,0,0.0,1,0.3333,0.3333,0.3333,0.0,0.0,0.5333,cnp,β1·J1=0.35 | β2·J2=0.083 | β3·J3=0.067
TXN_L_0214,legitima,25,34,1,0,0,1,0.0,0,0.3333,0.3333,0.3333,0.0,0.45,0.1833,clonacion,α1·I1=0.35 | α4·I4=0.1 | β2·J2=0.083
TXN_L_0801,legitima,52,94,1,0,0,1,0.0,0,0.3333,0.3333,0.3333,0.0,0.45,0.1833,clonacion,α1·I1=0.35 | α4·I4=0.1 | β2·J2=0.083
TXN_L_0800,legitima,58,82,0,0,0,0,0.0,1,0.3333,0.3333,0.3333,0.2647,0.0,0.5598,cnp,β1·J1=0.35 | β2·J2=0.083 | β3·J3=0.067
TXN_L_0486,legitima,31,48,0,0,0,0,0.0,1,0.3333,0.3333,0.3333,0.0,0.0,0.5333,cnp,β1·J1=0.35 | β2·J2=0.083 | β3·J3=0.067
TXN_L_0523,legitima,77,112,1,0,0,0,0.025,0,0.3333,0.3333,0.3333,0.1304,0.3525,0.1964,clonacion,α1·I1=0.35 | β2·J2=0.083 | β3·J3=0.067
TXN_L_0030,legitima,63,106,1,0,0,1,0.0556,0,0.3333,0.3333,0.3333,0.0,0.4556,0.1833,clonacion,α1·I1=0.35 | α4·I4=0.1 | β2·J2=0.083
TXN_L_0218,legitima,42,76,0,0,0,1,0.0,1,0.3333,0.3333,0.3333,0.0,0.1,0.5333,cnp,β1·J1=0.35 | α4·I4=0.1 | β2·J2=0.083
TXN_L_0463,legitima,57,114,0,0,0,1,0.0278,1,0.3333,0.3333,0.3333,0.0,0.1028,0.5333,cnp,β1·J1=0.35 | α4·I4=0.1 | β2·J2=0.083
TXN_L_0320,legitima,29,40,0,0,0,0,0.3636,1,0.3333,0.3333,0.3333,0.0,0.0364,0.5333,cnp,β1·J1=0.35 | β2·J2=0.083 | β3·J3=0.067
TXN_L_0290,legitima,72,114,1,0,0,0,0.0444,0,0.3333,0.3333,0.3333,0.087,0.3544,0.192,clonacion,α1·I1=0.35 | β2·J2=0.083 | β3·J3=0.067
TXN_L_0358,legitima,80,132,0,0,0,1,0.0233,1,0.3333,0.3333,0.3333,0.0,0.1023,0.5333,cnp,β1·J1=0.35 | α4·I4=0.1 | β2·J2=0.083
TXN_L_0655,legitima,50,74,0,0,0,0,0.0,1,0.3333,0.3333,0.3333,0.0,0.0,0.5333,cnp,β1·J1=0.35 | β2·J2=0.083 | β3·J3=0.067
TXN_L_0031,legitima,60,92,1,0,0,0,0.0,0,0.3333,0.3333,0.3333,0.0,0.35,0.1833,clonacion,α1·I1=0.35 | β2·J2=0.083 | β3·J3=0.067
TXN_L_0289,legitima,77,118,1,0,0,0,0.0,0,0.3333,0.3333,0.3333,0.0,0.35,0.1833,clonacion,α1·I1=0.35 | β2·J2=0.083 | β3·J3=0.067
TXN_L_0639,legitima,23,40,0,0,0,0,0.1429,1,0.3333,0.3333,0.3333,0.0,0.0143,0.5333,cnp,β1·J1=0.35 | β2·J2=0.083 | β3·J3=0.067
TXN_L_0606,legitima,73,122,0,0,0,0,0.0233,1,0.3333,0.3333,0.3333,0.0,0.0023,0.5333,cnp,β1·J1=0.35 | β2·J2=0.083 | β3·J3=0.067
TXN_L_0132,legitima,56,82,0,0,0,0,0.0278,1,0.3333,0.3333,0.3333,0.0,0.0028,0.5333,cnp,β1·J1=0.35 | β2·J2=0.083 | β3·J3=0.067
TXN_L_0477,legitima,40,58,0,0,0,0,0.0,1,0.3333,0.3333,0.3333,0.0,0.0,0.5333,cnp,β1·J1=0.35 | β2·J2=0.083 | β3·J3=0.067
TXN_L_0125,legitima,57,90,1,0,0,0,0.0,0,0.3333,0.3333,0.3333,0.0,0.35,0.1833,clonacion,α1·I1=0.35 | β2·J2=0.083 | β3·J3=0.067
TXN_L_0684,legitima,49,74,1,0,0,0,0.0952,0,0.3333,0.3333,0.3333,0.0,0.3595,0.1833,clonacion,α1·I1=0.35 | β2·J2=0.083 | β3·J3=0.067
TXN_L_0765,legitima,57,96,0,0,0,1,0.0,1,0.3333,0.3333,0.3333,0.0,0.1,0.5333,cnp,β1·J1=0.35 | α4·I4=0.1 | β2·J2=0.083
TXN_L_0179,legitima,40,60,1,0,0,0,0.0,0,0.3333,0.3333,0.3333,0.0,0.35,0.1833,clonacion,α1·I1=0.35 | β2·J2=0.083 | β3·J3=0.067
TXN_L_0723,legitima,54,86,1,0,0,1,0.0385,0,0.3333,0.3333,0.3333,0.0,0.4538,0.1833,clonacion,α1·I1=0.35 | α4·I4=0.1 | β2·J2=0.083
TXN_L_0265,legitima,31,46,0,0,0,1,0.1176,1,0.3333,0.3333,0.3333,0.0,0.1118,0.5333,cnp,β1·J1=0.35 | α4·I4=0.1 | β2·J2=0.083
TXN_L_0249,legitima,51,72,1,0,0,0,0.0625,0,0.3333,0.3333,0.3333,0.0,0.3562,0.1833,clonacion,α1·I1=0.35 | β2·J2=0.083 | β3·J3=0.067
TXN_L_0043,legitima,31,42,0,0,0,0,0.2,1,0.3333,0.3333,0.3333,0.0,0.02,0.5333,cnp,β1·J1=0.35 | β2·J2=0.083 | β3·J3=0.067
TXN_L_0693,legitima,53,82,1,0,0,0,0.0,0,0.3333,0.3333,0.3333,0.0,0.35,0.1833,clonacion,α1·I1=0.35 | β2·J2=0.083 | β3·J3=0.067
TXN_L_0251,legitima,62,84,1,0,0,0,0.0,0,0.3333,0.3333,0.3333,0.3214,0.35,0.2155,indeterminado,α1·I1=0.35 | β2·J2=0.083 | β3·J3=0.067
TXN_L_0168,legitima,55,84,0,0,0,0,0.0,1,0.3333,0.3333,0.3333,0.0,0.0,0.5333,cnp,β1·J1=0.35 | β2·J2=0.083 | β3·J3=0.067
TXN_L_0784,legitima,68,104,0,0,0,1,0.0444,1,0.3333,0.3333,0.3333,0.0889,0.1044,0.5422,cnp,β1·J1=0.35 | α4·I4=0.1 | β2·J2=0.083
TXN_L_0822,legitima,43,62,0,0,0,1,0.1,1,0.3333,0.3333,0.3333,0.0,0.11,0.5333,cnp,β1·J1=0.35 | α4·I4=0.1 | β2·J2=0.083
TXN_L_0059,legitima,68,110,1,0,0,0,0.0,0,0.3333,0.3333,0.3333,0.0,0.35,0.1833,clonacion,α1·I1=0.35 | β2·J2=0.083 | β3·J3=0.067
TXN_L_0266,legitima,53,68,0,0,0,1,0.0,1,0.3333,0.3333,0.3333,0.3333,0.1,0.5666,cnp,β1·J1=0.35 | α4·I4=0.1 | β2·J2=0.083
TXN_L_0875,legitima,37,54,0,0,0,0,0.0,1,0.3333,0.3333,0.3333,0.0,0.0,0.5333,cnp,β1·J1=0.35 | β2·J2=0.083 | β3·J3=0.067
TXN_P_0019,cnp,65,84,0,0,0,0,0.0,1,0.3333,0.3333,0.3333,0.4815,0.0,0.5815,cnp,β1·J1=0.35 | β2·J2=0.083 | β3·J3=0.067
TXN_L_0483,legitima,43,58,0,0,0,1,0.0,1,0.3333,0.3333,0.3333,0.0,0.1,0.5333,cnp,β1·J1=0.35 | α4·I4=0.1 | β2·J2=0.083
TXN_L_0601,legitima,56,78,0,0,0,1,0.0385,1,0.3333,0.3333,0.3333,0.0,0.1039,0.5333,cnp,β1·J1=0.35 | α4·I4=0.1 | β2·J2=0.083
TXN_L_0153,legitima,71,100,0,0,0,0,0.025,1,0.3333,0.3333,0.3333,0.1333,0.0025,0.5466,cnp,β1·J1=0.35 | β2·J2=0.083 | β3·J3=0.067
TXN_L_0215,legitima,62,94,0,0,0,0,0.0,1,0.3333,0.3333,0.3333,0.0,0.0,0.5333,cnp,β1·J1=0.35 | β2·J2=0.083 | β3·J3=0.067
TXN_L_0704,legitima,39,62,1,0,0,0,0.0,0,0.3333,0.3333,0.3333,0.0,0.35,0.1833,clonacion,α1·I1=0.35 | β2·J2=0.083 | β3·J3=0.067
TXN_L_0758,legitima,57,88,1,0,0,1,0.0,0,0.3333,0.3333,0.3333,0.0,0.45,0.1833,clonacion,α1·I1=0.35 | α4·I4=0.1 | β2·J2=0.083
TXN_C_0005,clonacion,26,36,1,0,0,1,0.2,0,0.3333,0.3333,0.3333,0.0,0.47,0.1833,clonacion,α1·I1=0.35 | α4·I4=0.1 | β2·J2=0.083
TXN_P_0029,cnp,81,102,0,0,0,0,0.0294,1,0.3333,0.3333,0.3333,0.4,0.0029,0.5733,cnp,β1·J1=0.35 | β2·J2=0.083 | β3·J3=0.067
TXN_L_0709,legitima,56,80,1,0,0,0,0.0,0,0.3333,0.3333,0.3333,0.0,0.35,0.1833,clonacion,α1·I1=0.35 | β2·J2=0.083 | β3·J3=0.067
TXN_L_0116,legitima,55,80,1,0,0,0,0.0,0,0.3333,0.3333,0.3333,0.0,0.35,0.1833,clonacion,α1·I1=0.35 | β2·J2=0.083 | β3·J3=0.067
TXN_L_0245,legitima,69,106,0,0,0,1,0.0,1,0.3333,0.3333,0.3333,0.0,0.1,0.5333,cnp,β1·J1=0.35 | α4·I4=0.1 | β2·J2=0.083
TXN_L_0532,legitima,53,76,1,0,0,0,0.0,0,0.3333,0.3333,0.3333,0.0,0.35,0.1833,clonacion,α1·I1=0.35 | β2·J2=0.083 | β3·J3=0.067
TXN_L_0371,legitima,33,46,1,0,0,1,0.1176,0,0.3333,0.3333,0.3333,0.0,0.4618,0.1833,clonacion,α1·I1=0.35 | α4·I4=0.1 | β2·J2=0.083
TXN_L_0882,legitima,77,122,0,0,0,1,0.0444,1,0.3333,0.3333,0.3333,0.0816,0.1044,0.5415,cnp,β1·J1=0.35 | α4·I4=0.1 | β2·J2=0.083
TXN_L_0640,legitima,68,106,1,0,0,0,0.0,0,0.3333,0.3333,0.3333,0.0,0.35,0.1833,clonacion,α1·I1=0.35 | β2·J2=0.083 | β3·J3=0.067
TXN_L_0120,legitima,68,98,1,0,0,0,0.0444,0,0.3333,0.3333,0.3333,0.0889,0.3544,0.1922,clonacion,α1·I1=0.35 | β2·J2=0.083 | β3·J3=0.067
TXN_L_0276,legitima,68,104,0,0,0,1,0.0294,1,0.3333,0.3333,0.3333,0.2927,0.1029,0.5626,cnp,β1·J1=0.35 | α4·I4=0.1 | β2·J2=0.083
TXN_L_0157,legitima,34,60,1,0,0,1,0.0,0,0.3333,0.3333,0.3333,0.0,0.45,0.1833,clonacion,α1·I1=0.35 | α4·I4=0.1 | β2·J2=0.083
TXN_L_0547,legitima,35,60,1,0,0,1,0.0,0,0.3333,0.3333,0.3333,0.0,0.45,0.1833,clonacion,α1·I1=0.35 | α4·I4=0.1 | β2·J2=0.083
TXN_L_0144,legitima,46,68,0,0,0,0,0.087,1,0.3333,0.3333,0.3333,0.0,0.0087,0.5333,cnp,β1·J1=0.35 | β2·J2=0.083 | β3·J3=0.067
TXN_L_0026,legitima,62,112,1,0,0,0,0.08,0,0.3333,0.3333,0.3333,0.0,0.358,0.1833,clonacion,α1·I1=0.35 | β2·J2=0.083 | β3·J3=0.067
TXN_L_0772,legitima,36,56,1,0,0,0,0.0,0,0.3333,0.3333,0.3333,0.0,0.35,0.1833,clonacion,α1·I1=0.35 | β2·J2=0.083 | β3·J3=0.067
TXN_L_0470,legitima,70,118,1,0,0,1,0.0,0,0.3333,0.3333,0.3333,0.0,0.45,0.1833,clonacion,α1·I1=0.35 | α4·I4=0.1 | β2·J2=0.083
TXN_P_0024,cnp,59,70,0,0,0,0,0.0,1,0.3333,0.3333,0.3333,0.5,0.0,0.5833,cnp,β1·J1=0.35 | β2·J2=0.083 | β3·J3=0.067
TXN_L_0666,legitima,63,96,0,0,0,0,0.0,1,0.3333,0.3333,0.3333,0.0,0.0,0.5333,cnp,β1·J1=0.35 | β2·J2=0.083 | β3·J3=0.067
TXN_L_0703,legitima,70,106,1,0,0,0,0.0444,0,0.3333,0.3333,0.3333,0.0889,0.3544,0.1922,clonacion,α1·I1=0.35 | β2·J2=0.083 | β3·J3=0.067
TXN_L_0439,legitima,54,80,0,0,0,0,0.0,1,0.3333,0.3333,0.3333,0.0,0.0,0.5333,cnp,β1·J1=0.35 | β2·J2=0.083 | β3·J3=0.067
TXN_C_0012,clonacion,53,82,1,0,0,0,0.08,0,0.3333,0.3333,0.3333,0.0,0.358,0.1833,clonacion,α1·I1=0.35 | β2·J2=0.083 | β3·J3=0.067
TXN_L_0899,legitima,48,78,0,0,0,1,0.0,1,0.3333,0.3333,0.3333,0.0,0.1,0.5333,cnp,β1·J1=0.35 | α4·I4=0.1 | β2·J2=0.083
TXN_L_0167,legitima,63,92,1,0,0,0,0.0294,0,0.3333,0.3333,0.3333,0.3429,0.3529,0.2176,indeterminado,α1·I1=0.35 | β2·J2=0.083 | β3·J3=0.067
TXN_L_0609,legitima,58,74,0,0,0,1,0.0294,1,0.3333,0.3333,0.3333,0.3529,0.1029,0.5686,cnp,β1·J1=0.35 | α4·I4=0.1 | β2·J2=0.083
TXN_L_0028,legitima,34,42,1,0,0,0,0.0,0,0.3333,0.3333,0.3333,0.0,0.35,0.1833,clonacion,α1·I1=0.35 | β2·J2=0.083 | β3·J3=0.067
TXN_L_0186,legitima,53,78,0,0,0,0,0.0952,1,0.3333,0.3333,0.3333,0.0,0.0095,0.5333,cnp,β1·J1=0.35 | β2·J2=0.083 | β3·J3=0.067
TXN_L_0066,legitima,36,56,0,0,0,1,0.0,1,0.3333,0.3333,0.3333,0.0,0.1,0.5333,cnp,β1·J1=0.35 | α4·I4=0.1 | β2·J2=0.083
TXN_L_0323,legitima,48,82,0,0,0,1,0.0,1,0.3333,0.3333,0.3333,0.0,0.1,0.5333,cnp,β1·J1=0.35 | α4·I4=0.1 | β2·J2=0.083
TXN_L_0414,legitima,51,90,1,0,0,1,0.0,0,0.3333,0.3333,0.3333,0.0,0.45,0.1833,clonacion,α1·I1=0.35 | α4·I4=0.1 | β2·J2=0.083
TXN_L_0672,legitima,64,96,0,0,0,1,0.0556,1,0.3333,0.3333,0.3333,0.0,0.1056,0.5333,cnp,β1·J1=0.35 | α4·I4=0.1 | β2·J2=0.083
TXN_L_0259,legitima,68,116,0,0,0,1,0.0233,1,0.3333,0.3333,0.3333,0.0,0.1023,0.5333,cnp,β1·J1=0.35 | α4·I4=0.1 | β2·J2=0.083
TXN_L_0196,legitima,35,48,1,0,0,0,0.1,0,0.3333,0.3333,0.3333,0.0,0.36,0.1833,clonacion,α1·I1=0.35 | β2·J2=0.083 | β3·J3=0.067
TXN_L_0302,legitima,53,88,0,0,0,1,0.0625,1,0.3333,0.3333,0.3333,0.0,0.1063,0.5333,cnp,β1·J1=0.35 | α4·I4=0.1 | β2·J2=0.083
TXN_L_0877,legitima,21,40,0,0,0,1,0.2,1,0.3333,0.3333,0.3333,0.0,0.12,0.5333,cnp,β1·J1=0.35 | α4·I4=0.1 | β2·J2=0.083
TXN_L_0048,legitima,57,88,1,0,0,1,0.0,0,0.3333,0.3333,0.3333,0.0,0.45,0.1833,clonacion,α1·I1=0.35 | α4·I4=0.1 | β2·J2=0.083
TXN_L_0761,legitima,54,76,0,0,0,1,0.0476,1,0.3333,0.3333,0.3333,0.0,0.1048,0.5333,cnp,β1·J1=0.35 | α4·I4=0.1 | β2·J2=0.083
TXN_L_0423,legitima,55,86,1,0,0,1,0.08,0,0.3333,0.3333,0.3333,0.0,0.458,0.1833,clonacion,α1·I1=0.35 | α4·I4=0.1 | β2·J2=0.083
TXN_L_0633,legitima,68,98,0,0,0,0,0.0444,1,0.3333,0.3333,0.3333,0.0889,0.0044,0.5422,cnp,β1·J1=0.35 | β2·J2=0.083 | β3·J3=0.067
TXN_P_0018,cnp,94,124,0,0,0,0,0.025,1,0.3333,0.3333,0.3333,0.2115,0.0025,0.5545,cnp,β1·J1=0.35 | β2·J2=0.083 | β3·J3=0.067
TXN_L_0061,legitima,82,136,0,0,0,1,0.025,1,0.3333,0.3333,0.3333,0.1224,0.1025,0.5456,cnp,β1·J1=0.35 | α4·I4=0.1 | β2·J2=0.083
TXN_L_0496,legitima,52,100,1,0,0,1,0.0,0,0.3333,0.3333,0.3333,0.0,0.45,0.1833,clonacion,α1·I1=0.35 | α4·I4=0.1 | β2·J2=0.083
TXN_L_0680,legitima,35,66,1,0,0,1,0.1,0,0.3333,0.3333,0.3333,0.0,0.46,0.1833,clonacion,α1·I1=0.35 | α4·I4=0.1 | β2·J2=0.083
TXN_L_0551,legitima,23,38,1,0,0,0,0.1429,0,0.3333,0.3333,0.3333,0.0,0.3643,0.1833,clonacion,α1·I1=0.35 | β2·J2=0.083 | β3·J3=0.067
TXN_L_0738,legitima,71,110,1,0,0,0,0.025,0,0.3333,0.3333,0.3333,0.1364,0.3525,0.197,clonacion,α1·I1=0.35 | β2·J2=0.083 | β3·J3=0.067
TXN_L_0616,legitima,54,80,0,0,0,0,0.0,1,0.3333,0.3333,0.3333,0.0,0.0,0.5333,cnp,β1·J1=0.35 | β2·J2=0.083 | β3·J3=0.067
TXN_L_0332,legitima,64,104,0,0,0,0,0.0556,1,0.3333,0.3333,0.3333,0.0,0.0056,0.5333,cnp,β1·J1=0.35 | β2·J2=0.083 | β3·J3=0.067
TXN_L_0756,legitima,53,86,1,0,0,1,0.0,0,0.3333,0.3333,0.3333,0.0,0.45,0.1833,clonacion,α1·I1=0.35 | α4·I4=0.1 | β2·J2=0.083
TXN_L_0625,legitima,35,46,0,0,0,1,0.0,1,0.3333,0.3333,0.3333,0.0,0.1,0.5333,cnp,β1·J1=0.35 | α4·I4=0.1 | β2·J2=0.083
TXN_L_0062,legitima,39,54,1,0,0,0,0.0952,0,0.3333,0.3333,0.3333,0.0,0.3595,0.1833,clonacion,α1·I1=0.35 | β2·J2=0.083 | β3·J3=0.067
TXN_L_0379,legitima,50,76,1,0,0,0,0.0625,0,0.3333,0.3333,0.3333,0.0,0.3562,0.1833,clonacion,α1·I1=0.35 | β2·J2=0.083 | β3·J3=0.067
TXN_L_0123,legitima,67,100,0,0,0,0,0.0556,1,0.3333,0.3333,0.3333,0.0,0.0056,0.5333,cnp,β1·J1=0.35 | β2·J2=0.083 | β3·J3=0.067
TXN_L_0637,legitima,33,56,1,0,0,1,0.1176,0,0.3333,0.3333,0.3333,0.0,0.4618,0.1833,clonacion,α1·I1=0.35 | α4·I4=0.1 | β2·J2=0.083
TXN_L_0806,legitima,71,110,0,0,0,0,0.0233,1,0.3333,0.3333,0.3333,0.0,0.0023,0.5333,cnp,β1·J1=0.35 | β2·J2=0.083 | β3·J3=0.067
TXN_L_0192,legitima,32,54,0,0,0,0,0.1176,1,0.3333,0.3333,0.3333,0.0,0.0118,0.5333,cnp,β1·J1=0.35 | β2·J2=0.083 | β3·J3=0.067
TXN_L_0210,legitima,63,106,1,0,0,0,0.0278,0,0.3333,0.3333,0.3333,0.0,0.3528,0.1833,clonacion,α1·I1=0.35 | β2·J2=0.083 | β3·J3=0.067
TXN_L_0386,legitima,33,54,1,0,0,0,0.1176,0,0.3333,0.3333,0.3333,0.0,0.3618,0.1833,clonacion,α1·I1=0.35 | β2·J2=0.083 | β3·J3=0.067
TXN_P_0028,cnp,76,96,0,0,0,0,0.0294,1,0.3333,0.3333,0.3333,0.4,0.0029,0.5733,cnp,β1·J1=0.35 | β2·J2=0.083 | β3·J3=0.067
TXN_L_0236,legitima,34,48,0,0,0,0,0.0,1,0.3333,0.3333,0.3333,0.0,0.0,0.5333,cnp,β1·J1=0.35 | β2·J2=0.083 | β3·J3=0.067
TXN_C_0034,clonacion,58,82,1,0,0,0,0.0278,0,0.3333,0.3333,0.3333,0.0,0.3528,0.1833,clonacion,α1·I1=0.35 | β2·J2=0.083 | β3·J3=0.067
TXN_L_0229,legitima,38,58,0,0,0,1,0.0,1,0.3333,0.3333,0.3333,0.0,0.1,0.5333,cnp,β1·J1=0.35 | α4·I4=0.1 | β2·J2=0.083
TXN_L_0467,legitima,52,70,1,0,0,1,0.0,0,0.3333,0.3333,0.3333,0.3214,0.45,0.2155,clonacion,α1·I1=0.35 | α4·I4=0.1 | β2·J2=0.083
TXN_L_0340,legitima,66,98,1,0,0,0,0.0,0,0.3333,0.3333,0.3333,0.0,0.35,0.1833,clonacion,α1·I1=0.35 | β2·J2=0.083 | β3·J3=0.067
TXN_L_0556,legitima,60,72,1,0,0,0,0.0,0,0.3333,0.3333,0.3333,0.3,0.35,0.2133,indeterminado,α1·I1=0.35 | β2·J2=0.083 | β3·J3=0.067
TXN_L_0559,legitima,72,106,0,0,0,1,0.0233,1,0.3333,0.3333,0.3333,0.0,0.1023,0.5333,cnp,β1·J1=0.35 | α4·I4=0.1 | β2·J2=0.083
TXN_P_0012,cnp,81,108,0,0,0,0,0.0294,1,0.3333,0.3333,0.3333,0.4211,0.0029,0.5754,cnp,β1·J1=0.35 | β2·J2=0.083 | β3·J3=0.067
TXN_L_0604,legitima,63,90,0,0,0,0,0.0625,1,0.3333,0.3333,0.3333,0.0,0.0063,0.5333,cnp,β1·J1=0.35 | β2·J2=0.083 | β3·J3=0.067
TXN_L_0581,legitima,54,86,0,0,0,0,0.0,1,0.3333,0.3333,0.3333,0.0,0.0,0.5333,cnp,β1·J1=0.35 | β2·J2=0.083 | β3·J3=0.067
TXN_L_0113,legitima,61,102,0,0,0,1,0.0278,1,0.3333,0.3333,0.3333,0.0,0.1028,0.5333,cnp,β1·J1=0.35 | α4·I4=0.1 | β2·J2=0.083
TXN_L_0065,legitima,38,54,1,0,0,0,0.0,0,0.3333,0.3333,0.3333,0.0,0.35,0.1833,clonacion,α1·I1=0.35 | β2·J2=0.083 | β3·J3=0.067
TXN_L_0243,legitima,25,32,1,0,0,0,0.0,0,0.3333,0.3333,0.3333,0.0,0.35,0.1833,clonacion,α1·I1=0.35 | β2·J2=0.083 | β3·J3=0.067
TXN_L_0033,legitima,40,74,0,0,0,0,0.0435,1,0.3333,0.3333,0.3333,0.0,0.0043,0.5333,cnp,β1·J1=0.35 | β2·J2=0.083 | β3·J3=0.067
TXN_L_0317,legitima,45,64,0,0,0,1,0.0952,1,0.3333,0.3333,0.3333,0.0,0.1095,0.5333,cnp,β1·J1=0.35 | α4·I4=0.1 | β2·J2=0.083
TXN_L_0140,legitima,42,68,0,0,0,0,0.087,1,0.3333,0.3333,0.3333,0.0,0.0087,0.5333,cnp,β1·J1=0.35 | β2·J2=0.083 | β3·J3=0.067
TXN_L_0492,legitima,28,48,0,0,0,1,0.1429,1,0.3333,0.3333,0.3333,0.0,0.1143,0.5333,cnp,β1·J1=0.35 | α4·I4=0.1 | β2·J2=0.083
TXN_L_0279,legitima,34,66,1,0,0,0,0.0,0,0.3333,0.3333,0.3333,0.0,0.35,0.1833,clonacion,α1·I1=0.35 | β2·J2=0.083 | β3·J3=0.067
TXN_L_0527,legitima,41,58,1,0,0,0,0.0476,0,0.3333,0.3333,0.3333,0.0,0.3548,0.1833,clonacion,α1·I1=0.35 | β2·J2=0.083 | β3·J3=0.067
TXN_L_0536,legitima,28,52,0,0,0,1,0.0,1,0.3333,0.3333,0.3333,0.0,0.1,0.5333,cnp,β1·J1=0.35 | α4·I4=0.1 | β2·J2=0.083
TXN_L_0497,legitima,68,106,1,0,0,0,0.0,0,0.3333,0.3333,0.3333,0.0,0.35,0.1833,clonacion,α1·I1=0.35 | β2·J2=0.083 | β3·J3=0.067
TXN_L_0473,legitima,52,68,0,0,0,0,0.08,1,0.3333,0.3333,0.3333,0.0,0.008,0.5333,cnp,β1·J1=0.35 | β2·J2=0.083 | β3·J3=0.067
TXN_L_0018,legitima,57,114,1,0,0,1,0.0278,0,0.3333,0.3333,0.3333,0.0,0.4528,0.1833,clonacion,α1·I1=0.35 | α4·I4=0.1 | β2·J2=0.083
TXN_L_0719,legitima,37,58,0,0,0,0,0.1429,1,0.3333,0.3333,0.3333,0.0,0.0143,0.5333,cnp,β1·J1=0.35 | β2·J2=0.083 | β3·J3=0.067
TXN_L_0403,legitima,51,72,1,0,0,0,0.0,0,0.3333,0.3333,0.3333,0.0,0.35,0.1833,clonacion,α1·I1=0.35 | β2·J2=0.083 | β3·J3=0.067
TXN_L_0328,legitima,36,62,0,0,0,1,0.0,1,0.3333,0.3333,0.3333,0.0,0.1,0.5333,cnp,β1·J1=0.35 | α4·I4=0.1 | β2·J2=0.083
TXN_L_0416,legitima,72,108,0,0,0,0,0.0444,1,0.3333,0.3333,0.3333,0.087,0.0044,0.542,cnp,β1·J1=0.35 | β2·J2=0.083 | β3·J3=0.067
TXN_L_0308,legitima,53,74,0,0,0,0,0.0,1,0.3333,0.3333,0.3333,0.0,0.0,0.5333,cnp,β1·J1=0.35 | β2·J2=0.083 | β3·J3=0.067
TXN_C_0026,clonacion,39,50,1,0,0,0,0.1364,0,0.3333,0.3333,0.3333,0.0,0.3636,0.1833,clonacion,α1·I1=0.35 | β2·J2=0.083 | β3·J3=0.067
TXN_L_0464,legitima,49,72,1,0,0,0,0.0952,0,0.3333,0.3333,0.3333,0.0,0.3595,0.1833,clonacion,α1·I1=0.35 | β2·J2=0.083 | β3·J3=0.067
TXN_L_0768,legitima,56,78,1,0,0,0,0.0385,0,0.3333,0.3333,0.3333,0.0,0.3538,0.1833,clonacion,α1·I1=0.35 | β2·J2=0.083 | β3·J3=0.067
TXN_L_0786,legitima,53,82,0,0,0,0,0.0,1,0.3333,0.3333,0.3333,0.0,0.0,0.5333,cnp,β1·J1=0.35 | β2·J2=0.083 | β3·J3=0.067
TXN_L_0152,legitima,36,56,0,0,0,1,0.1,1,0.3333,0.3333,0.3333,0.0,0.11,0.5333,cnp,β1·J1=0.35 | α4·I4=0.1 | β2·J2=0.083
TXN_P_0003,cnp,71,86,0,0,0,0,0.0,1,0.3333,0.3333,0.3333,0.4324,0.0,0.5766,cnp,β1·J1=0.35 | β2·J2=0.083 | β3·J3=0.067
TXN_L_0631,legitima,46,64,1,0,0,1,0.0,0,0.3333,0.3333,0.3333,0.0,0.45,0.1833,clonacion,α1·I1=0.35 | α4·I4=0.1 | β2·J2=0.083
TXN_L_0440,legitima,35,62,1,0,0,1,0.0,0,0.3333,0.3333,0.3333,0.0,0.45,0.1833,clonacion,α1·I1=0.35 | α4·I4=0.1 | β2·J2=0.083
TXN_L_0345,legitima,63,92,0,0,0,1,0.0294,1,0.3333,0.3333,0.3333,0.3429,0.1029,0.5676,cnp,β1·J1=0.35 | α4·I4=0.1 | β2·J2=0.083
TXN_L_0040,legitima,62,94,0,0,0,1,0.0556,1,0.3333,0.3333,0.3333,0.0,0.1056,0.5333,cnp,β1·J1=0.35 | α4·I4=0.1 | β2·J2=0.083
TXN_C_0025,clonacion,46,68,1,0,0,0,0.1,0,0.3333,0.3333,0.3333,0.0,0.36,0.1833,clonacion,α1·I1=0.35 | β2·J2=0.083 | β3·J3=0.067
TXN_L_0872,legitima,61,84,0,0,0,1,0.0294,1,0.3333,0.3333,0.3333,0.3333,0.1029,0.5666,cnp,β1·J1=0.35 | α4·I4=0.1 | β2·J2=0.083
TXN_L_0395,legitima,44,66,1,0,0,0,0.0476,0,0.3333,0.3333,0.3333,0.0,0.3548,0.1833,clonacion,α1·I1=0.35 | β2·J2=0.083 | β3·J3=0.067
TXN_L_0453,legitima,76,108,0,0,0,0,0.025,1,0.3333,0.3333,0.3333,0.1333,0.0025,0.5466,cnp,β1·J1=0.35 | β2·J2=0.083 | β3·J3=0.067
TXN_L_0057,legitima,43,62,0,0,0,0,0.1364,1,0.3333,0.3333,0.3333,0.0,0.0136,0.5333,cnp,β1·J1=0.35 | β2·J2=0.083 | β3·J3=0.067
TXN_L_0741,legitima,58,88,1,0,0,0,0.0278,0,0.3333,0.3333,0.3333,0.0,0.3528,0.1833,clonacion,α1·I1=0.35 | β2·J2=0.083 | β3·J3=0.067
TXN_L_0060,legitima,55,84,0,0,0,0,0.0,1,0.3333,0.3333,0.3333,0.0,0.0,0.5333,cnp,β1·J1=0.35 | β2·J2=0.083 | β3·J3=0.067
TXN_C_0027,clonacion,46,68,1,0,0,0,0.1,0,0.3333,0.3333,0.3333,0.0,0.36,0.1833,clonacion,α1·I1=0.35 | β2·J2=0.083 | β3·J3=0.067
TXN_L_0258,legitima,35,54,1,0,0,0,0.0526,0,0.3333,0.3333,0.3333,0.0,0.3553,0.1833,clonacion,α1·I1=0.35 | β2·J2=0.083 | β3·J3=0.067
TXN_L_0733,legitima,52,74,1,0,0,1,0.0,0,0.3333,0.3333,0.3333,0.0,0.45,0.1833,clonacion,α1·I1=0.35 | α4·I4=0.1 | β2·J2=0.083
TXN_L_0525,legitima,62,90,0,0,0,1,0.0,1,0.3333,0.3333,0.3333,0.0,0.1,0.5333,cnp,β1·J1=0.35 | α4·I4=0.1 | β2·J2=0.083
TXN_L_0844,legitima,71,110,0,0,0,0,0.0444,1,0.3333,0.3333,0.3333,0.0889,0.0044,0.5422,cnp,β1·J1=0.35 | β2·J2=0.083 | β3·J3=0.067
TXN_L_0260,legitima,35,58,1,0,0,1,0.1176,0,0.3333,0.3333,0.3333,0.0,0.4618,0.1833,clonacion,α1·I1=0.35 | α4·I4=0.1 | β2·J2=0.083
TXN_L_0176,legitima,57,114,1,0,0,0,0.0278,0,0.3333,0.3333,0.3333,0.0,0.3528,0.1833,clonacion,α1·I1=0.35 | β2·J2=0.083 | β3·J3=0.067
TXN_L_0115,legitima,43,56,1,0,0,0,0.0476,0,0.3333,0.3333,0.3333,0.0,0.3548,0.1833,clonacion,α1·I1=0.35 | β2·J2=0.083 | β3·J3=0.067
TXN_L_0362,legitima,64,108,0,0,0,1,0.0233,1,0.3333,0.3333,0.3333,0.0,0.1023,0.5333,cnp,β1·J1=0.35 | α4·I4=0.1 | β2·J2=0.083
TXN_L_0469,legitima,68,104,1,0,0,0,0.0294,0,0.3333,0.3333,0.3333,0.2927,0.3529,0.2126,indeterminado,α1·I1=0.35 | β2·J2=0.083 | β3·J3=0.067
TXN_L_0713,legitima,41,64,1,0,0,0,0.1,0,0.3333,0.3333,0.3333,0.0,0.36,0.1833,clonacion,α1·I1=0.35 | β2·J2=0.083 | β3·J3=0.067
TXN_L_0799,legitima,41,70,0,0,0,0,0.0,1,0.3333,0.3333,0.3333,0.0,0.0,0.5333,cnp,β1·J1=0.35 | β2·J2=0.083 | β3·J3=0.067
TXN_L_0539,legitima,37,56,0,0,0,0,0.0526,1,0.3333,0.3333,0.3333,0.0,0.0053,0.5333,cnp,β1·J1=0.35 | β2·J2=0.083 | β3·J3=0.067
TXN_L_0422,legitima,67,98,1,0,0,1,0.0556,0,0.3333,0.3333,0.3333,0.0,0.4556,0.1833,clonacion,α1·I1=0.35 | α4·I4=0.1 | β2·J2=0.083
TXN_L_0671,legitima,59,84,0,0,0,1,0.0625,1,0.3333,0.3333,0.3333,0.0,0.1063,0.5333,cnp,β1·J1=0.35 | α4·I4=0.1 | β2·J2=0.083
TXN_L_0462,legitima,35,62,0,0,0,1,0.0,1,0.3333,0.3333,0.3333,0.0,0.1,0.5333,cnp,β1·J1=0.35 | α4·I4=0.1 | β2·J2=0.083
TXN_L_0435,legitima,53,82,1,0,0,0,0.0,0,0.3333,0.3333,0.3333,0.0,0.35,0.1833,clonacion,α1·I1=0.35 | β2·J2=0.083 | β3·J3=0.067
TXN_L_0239,legitima,37,62,0,0,0,1,0.0667,1,0.3333,0.3333,0.3333,0.0,0.1067,0.5333,cnp,β1·J1=0.35 | α4·I4=0.1 | β2·J2=0.083
TXN_L_0035,legitima,38,62,0,0,0,0,0.0,1,0.3333,0.3333,0.3333,0.0,0.0,0.5333,cnp,β1·J1=0.35 | β2·J2=0.083 | β3·J3=0.067
TXN_L_0820,legitima,48,82,0,0,0,0,0.0,1,0.3333,0.3333,0.3333,0.0,0.0,0.5333,cnp,β1·J1=0.35 | β2·J2=0.083 | β3·J3=0.067
TXN_L_0075,legitima,37,50,1,0,0,0,0.0,0,0.3333,0.3333,0.3333,0.0,0.35,0.1833,clonacion,α1·I1=0.35 | β2·J2=0.083 | β3·J3=0.067
TXN_L_0306,legitima,75,110,0,0,0,1,0.0278,1,0.3333,0.3333,0.3333,0.1628,0.1028,0.5496,cnp,β1·J1=0.35 | α4·I4=0.1 | β2·J2=0.083
TXN_L_0280,legitima,57,102,1,0,0,1,0.0,0,0.3333,0.3333,0.3333,0.0,0.45,0.1833,clonacion,α1·I1=0.35 | α4·I4=0.1 | β2·J2=0.083
TXN_L_0578,legitima,41,62,1,0,0,0,0.0,0,0.3333,0.3333,0.3333,0.0,0.35,0.1833,clonacion,α1·I1=0.35 | β2·J2=0.083 | β3·J3=0.067
TXN_L_0055,legitima,36,50,0,0,0,1,0.1176,1,0.3333,0.3333,0.3333,0.0,0.1118,0.5333,cnp,β1·J1=0.35 | α4·I4=0.1 | β2·J2=0.083
TXN_P_0010,cnp,86,108,0,0,0,0,0.0294,1,0.3333,0.3333,0.3333,0.4318,0.0029,0.5765,cnp,β1·J1=0.35 | β2·J2=0.083 | β3·J3=0.067
TXN_L_0410,legitima,54,98,0,0,0,0,0.087,1,0.3333,0.3333,0.3333,0.0,0.0087,0.5333,cnp,β1·J1=0.35 | β2·J2=0.083 | β3·J3=0.067
TXN_C_0014,clonacion,55,74,1,0,0,0,0.0385,0,0.3333,0.3333,0.3333,0.0,0.3538,0.1833,clonacion,α1·I1=0.35 | β2·J2=0.083 | β3·J3=0.067
TXN_L_0508,legitima,54,78,0,0,0,1,0.0625,1,0.3333,0.3333,0.3333,0.0,0.1063,0.5333,cnp,β1·J1=0.35 | α4·I4=0.1 | β2·J2=0.083
TXN_L_0267,legitima,37,50,1,0,0,0,0.1,0,0.3333,0.3333,0.3333,0.0,0.36,0.1833,clonacion,α1·I1=0.35 | β2·J2=0.083 | β3·J3=0.067
TXN_L_0593,legitima,52,100,0,0,0,1,0.0,1,0.3333,0.3333,0.3333,0.0,0.1,0.5333,cnp,β1·J1=0.35 | α4·I4=0.1 | β2·J2=0.083
TXN_L_0634,legitima,51,78,0,0,0,0,0.08,1,0.3333,0.3333,0.3333,0.0,0.008,0.5333,cnp,β1·J1=0.35 | β2·J2=0.083 | β3·J3=0.067
TXN_L_0129,legitima,67,108,0,0,0,0,0.0278,1,0.3333,0.3333,0.3333,0.0,0.0028,0.5333,cnp,β1·J1=0.35 | β2·J2=0.083 | β3·J3=0.067
TXN_L_0471,legitima,60,92,1,0,0,0,0.0,0,0.3333,0.3333,0.3333,0.0,0.35,0.1833,clonacion,α1·I1=0.35 | β2·J2=0.083 | β3·J3=0.067
TXN_L_0798,legitima,60,100,1,0,0,0,0.0,0,0.3333,0.3333,0.3333,0.0,0.35,0.1833,clonacion,α1·I1=0.35 | β2·J2=0.083 | β3·J3=0.067
TXN_L_0038,legitima,64,108,1,0,0,0,0.0233,0,0.3333,0.3333,0.3333,0.0,0.3523,0.1833,clonacion,α1·I1=0.35 | β2·J2=0.083 | β3·J3=0.067
TXN_L_0699,legitima,33,46,0,0,0,0,0.0,1,0.3333,0.3333,0.3333,0.0,0.0,0.5333,cnp,β1·J1=0.35 | β2·J2=0.083 | β3·J3=0.067
TXN_P_0021,cnp,67,80,0,0,0,0,0.0,1,0.3333,0.3333,0.3333,0.4118,0.0,0.5745,cnp,β1·J1=0.35 | β2·J2=0.083 | β3·J3=0.067
TXN_L_0749,legitima,58,88,1,0,0,0,0.0278,0,0.3333,0.3333,0.3333,0.0,0.3528,0.1833,clonacion,α1·I1=0.35 | β2·J2=0.083 | β3·J3=0.067
TXN_L_0327,legitima,70,106,1,0,0,1,0.0444,0,0.3333,0.3333,0.3333,0.087,0.4544,0.192,clonacion,α1·I1=0.35 | α4·I4=0.1 | β2·J2=0.083
TXN_L_0089,legitima,45,72,0,0,0,0,0.0,1,0.3333,0.3333,0.3333,0.0,0.0,0.5333,cnp,β1·J1=0.35 | β2·J2=0.083 | β3·J3=0.067
TXN_L_0454,legitima,79,126,1,0,0,1,0.025,0,0.3333,0.3333,0.3333,0.1224,0.4525,0.1956,clonacion,α1·I1=0.35 | α4·I4=0.1 | β2·J2=0.083
TXN_L_0404,legitima,49,74,1,0,0,1,0.08,0,0.3333,0.3333,0.3333,0.0,0.458,0.1833,clonacion,α1·I1=0.35 | α4·I4=0.1 | β2·J2=0.083
TXN_L_0566,legitima,44,72,0,0,0,1,0.08,1,0.3333,0.3333,0.3333,0.0,0.108,0.5333,cnp,β1·J1=0.35 | α4·I4=0.1 | β2·J2=0.083
TXN_L_0163,legitima,39,64,0,0,0,0,0.0,1,0.3333,0.3333,0.3333,0.0,0.0,0.5333,cnp,β1·J1=0.35 | β2·J2=0.083 | β3·J3=0.067
TXN_L_0529,legitima,62,90,0,0,0,1,0.0,1,0.3333,0.3333,0.3333,0.0,0.1,0.5333,cnp,β1·J1=0.35 | α4·I4=0.1 | β2·J2=0.083
TXN_C_0033,clonacion,38,52,1,0,0,0,0.0667,0,0.3333,0.3333,0.3333,0.0,0.3567,0.1833,clonacion,α1·I1=0.35 | β2·J2=0.083 | β3·J3=0.067
TXN_L_0452,legitima,67,108,1,0,0,0,0.0,0,0.3333,0.3333,0.3333,0.0,0.35,0.1833,clonacion,α1·I1=0.35 | β2·J2=0.083 | β3·J3=0.067
TXN_L_0002,legitima,29,38,0,0,0,1,0.2,1,0.3333,0.3333,0.3333,0.0,0.12,0.5333,cnp,β1·J1=0.35 | α4·I4=0.1 | β2·J2=0.083
TXN_P_0039,cnp,58,72,0,0,0,0,0.0,1,0.3333,0.3333,0.3333,0.4815,0.0,0.5815,cnp,β1·J1=0.35 | β2·J2=0.083 | β3·J3=0.067
TXN_L_0623,legitima,33,46,1,0,0,0,0.0,0,0.3333,0.3333,0.3333,0.0,0.35,0.1833,clonacion,α1·I1=0.35 | β2·J2=0.083 | β3·J3=0.067
TXN_L_0619,legitima,70,110,0,0,0,0,0.0556,1,0.3333,0.3333,0.3333,0.0,0.0056,0.5333,cnp,β1·J1=0.35 | β2·J2=0.083 | β3·J3=0.067
TXN_L_0889,legitima,59,100,0,0,0,1,0.0,1,0.3333,0.3333,0.3333,0.0,0.1,0.5333,cnp,β1·J1=0.35 | α4·I4=0.1 | β2·J2=0.083
TXN_L_0755,legitima,39,54,1,0,0,0,0.0,0,0.3333,0.3333,0.3333,0.0,0.35,0.1833,clonacion,α1·I1=0.35 | β2·J2=0.083 | β3·J3=0.067
TXN_L_0430,legitima,61,96,1,0,0,0,0.0,0,0.3333,0.3333,0.3333,0.0,0.35,0.1833,clonacion,α1·I1=0.35 | β2·J2=0.083 | β3·J3=0.067
TXN_L_0173,legitima,37,58,1,0,0,1,0.0435,0,0.3333,0.3333,0.3333,0.0,0.4543,0.1833,clonacion,α1·I1=0.35 | α4·I4=0.1 | β2·J2=0.083
TXN_L_0608,legitima,60,104,0,0,0,1,0.0,1,0.3333,0.3333,0.3333,0.0,0.1,0.5333,cnp,β1·J1=0.35 | α4·I4=0.1 | β2·J2=0.083
TXN_L_0825,legitima,35,56,1,0,0,0,0.0,0,0.3333,0.3333,0.3333,0.0,0.35,0.1833,clonacion,α1·I1=0.35 | β2·J2=0.083 | β3·J3=0.067
TXN_L_0419,legitima,42,68,0,0,0,1,0.0,1,0.3333,0.3333,0.3333,0.0,0.1,0.5333,cnp,β1·J1=0.35 | α4·I4=0.1 | β2·J2=0.083
TXN_L_0029,legitima,76,112,1,0,0,1,0.025,0,0.3333,0.3333,0.3333,0.1463,0.4525,0.1979,clonacion,α1·I1=0.35 | α4·I4=0.1 | β2·J2=0.083
TXN_L_0242,legitima,61,94,0,0,0,0,0.0278,1,0.3333,0.3333,0.3333,0.0,0.0028,0.5333,cnp,β1·J1=0.35 | β2·J2=0.083 | β3·J3=0.067
TXN_L_0748,legitima,49,70,0,0,0,0,0.0625,1,0.3333,0.3333,0.3333,0.0,0.0063,0.5333,cnp,β1·J1=0.35 | β2·J2=0.083 | β3·J3=0.067
TXN_L_0106,legitima,62,100,1,0,0,1,0.0385,0,0.3333,0.3333,0.3333,0.0,0.4538,0.1833,clonacion,α1·I1=0.35 | α4·I4=0.1 | β2·J2=0.083
TXN_L_0088,legitima,70,110,0,0,0,0,0.0233,1,0.3333,0.3333,0.3333,0.0,0.0023,0.5333,cnp,β1·J1=0.35 | β2·J2=0.083 | β3·J3=0.067
TXN_L_0359,legitima,41,62,0,0,0,0,0.0,1,0.3333,0.3333,0.3333,0.0,0.0,0.5333,cnp,β1·J1=0.35 | β2·J2=0.083 | β3·J3=0.067
TXN_L_0544,legitima,55,108,1,0,0,0,0.0435,0,0.3333,0.3333,0.3333,0.0,0.3543,0.1833,clonacion,α1·I1=0.35 | β2·J2=0.083 | β3·J3=0.067
TXN_L_0409,legitima,68,106,0,0,0,1,0.0556,1,0.3333,0.3333,0.3333,0.0,0.1056,0.5333,cnp,β1·J1=0.35 | α4·I4=0.1 | β2·J2=0.083
TXN_L_0413,legitima,57,88,0,0,0,0,0.0,1,0.3333,0.3333,0.3333,0.0,0.0,0.5333,cnp,β1·J1=0.35 | β2·J2=0.083 | β3·J3=0.067
TXN_L_0769,legitima,21,40,1,0,0,1,0.2,0,0.3333,0.3333,0.3333,0.0,0.47,0.1833,clonacion,α1·I1=0.35 | α4·I4=0.1 | β2·J2=0.083
TXN_L_0188,legitima,37,74,1,0,0,0,0.0,0,0.3333,0.3333,0.3333,0.0,0.35,0.1833,clonacion,α1·I1=0.35 | β2·J2=0.083 | β3·J3=0.067
TXN_L_0465,legitima,49,92,1,0,0,0,0.0435,0,0.3333,0.3333,0.3333,0.0,0.3543,0.1833,clonacion,α1·I1=0.35 | β2·J2=0.083 | β3·J3=0.067
TXN_L_0478,legitima,52,100,0,0,0,0,0.0,1,0.3333,0.3333,0.3333,0.0,0.0,0.5333,cnp,β1·J1=0.35 | β2·J2=0.083 | β3·J3=0.067
TXN_L_0226,legitima,48,72,0,0,0,1,0.08,1,0.3333,0.3333,0.3333,0.0,0.108,0.5333,cnp,β1·J1=0.35 | α4·I4=0.1 | β2·J2=0.083
TXN_L_0573,legitima,52,86,0,0,0,1,0.0625,1,0.3333,0.3333,0.3333,0.0,0.1063,0.5333,cnp,β1·J1=0.35 | α4·I4=0.1 | β2·J2=0.083
TXN_L_0814,legitima,64,98,0,0,0,0,0.0,1,0.3333,0.3333,0.3333,0.0,0.0,0.5333,cnp,β1·J1=0.35 | β2·J2=0.083 | β3·J3=0.067
TXN_P_0009,cnp,76,92,0,0,0,0,0.0,1,0.3333,0.3333,0.3333,0.4706,0.0,0.5804,cnp,β1·J1=0.35 | β2·J2=0.083 | β3·J3=0.067
TXN_L_0070,legitima,70,118,0,0,0,0,0.0,1,0.3333,0.3333,0.3333,0.0,0.0,0.5333,cnp,β1·J1=0.35 | β2·J2=0.083 | β3·J3=0.067
TXN_L_0603,legitima,45,60,0,0,0,0,0.0,1,0.3333,0.3333,0.3333,0.4091,0.0,0.5742,cnp,β1·J1=0.35 | β2·J2=0.083 | β3·J3=0.067
TXN_L_0143,legitima,58,92,0,0,0,1,0.0,1,0.3333,0.3333,0.3333,0.0,0.1,0.5333,cnp,β1·J1=0.35 | α4·I4=0.1 | β2·J2=0.083
TXN_L_0330,legitima,42,60,1,0,0,1,0.0,0,0.3333,0.3333,0.3333,0.0,0.45,0.1833,clonacion,α1·I1=0.35 | α4·I4=0.1 | β2·J2=0.083
TXN_L_0049,legitima,36,60,0,0,0,0,0.0435,1,0.3333,0.3333,0.3333,0.0,0.0043,0.5333,cnp,β1·J1=0.35 | β2·J2=0.083 | β3·J3=0.067
TXN_L_0183,legitima,45,72,1,0,0,1,0.0,0,0.3333,0.3333,0.3333,0.0,0.45,0.1833,clonacion,α1·I1=0.35 | α4·I4=0.1 | β2·J2=0.083
TXN_C_0010,clonacion,21,28,1,0,0,0,0.3636,0,0.3333,0.3333,0.3333,0.0,0.3864,0.1833,clonacion,α1·I1=0.35 | β2·J2=0.083 | β3·J3=0.067
TXN_L_0090,legitima,53,84,0,0,0,1,0.0385,1,0.3333,0.3333,0.3333,0.0,0.1039,0.5333,cnp,β1·J1=0.35 | α4·I4=0.1 | β2·J2=0.083
TXN_L_0673,legitima,79,114,0,0,0,1,0.0444,1,0.3333,0.3333,0.3333,0.0816,0.1044,0.5415,cnp,β1·J1=0.35 | α4·I4=0.1 | β2·J2=0.083
TXN_L_0137,legitima,55,82,0,0,0,1,0.0625,1,0.3333,0.3333,0.3333,0.0,0.1063,0.5333,cnp,β1·J1=0.35 | α4·I4=0.1 | β2·J2=0.083
TXN_L_0316,legitima,62,84,1,0,0,1,0.0294,0,0.3333,0.3333,0.3333,0.3529,0.4529,0.2186,clonacion,α1·I1=0.35 | α4·I4=0.1 | β2·J2=0.083
TXN_L_0335,legitima,62,90,1,0,0,0,0.0,0,0.3333,0.3333,0.3333,0.2432,0.35,0.2076,indeterminado,α1·I1=0.35 | β2·J2=0.083 | β3·J3=0.067
TXN_L_0854,legitima,60,106,0,0,0,1,0.0278,1,0.3333,0.3333,0.3333,0.0,0.1028,0.5333,cnp,β1·J1=0.35 | α4·I4=0.1 | β2·J2=0.083
TXN_L_0512,legitima,62,98,1,0,0,0,0.0,0,0.3333,0.3333,0.3333,0.0,0.35,0.1833,clonacion,α1·I1=0.35 | β2·J2=0.083 | β3·J3=0.067
TXN_L_0626,legitima,68,106,1,0,0,0,0.0556,0,0.3333,0.3333,0.3333,0.0,0.3556,0.1833,clonacion,α1·I1=0.35 | β2·J2=0.083 | β3·J3=0.067
TXN_L_0411,legitima,68,104,1,0,0,0,0.0294,0,0.3333,0.3333,0.3333,0.2927,0.3529,0.2126,indeterminado,α1·I1=0.35 | β2·J2=0.083 | β3·J3=0.067
TXN_L_0567,legitima,79,114,1,0,0,0,0.0444,0,0.3333,0.3333,0.3333,0.0816,0.3544,0.1915,clonacion,α1·I1=0.35 | β2·J2=0.083 | β3·J3=0.067
TXN_L_0420,legitima,28,52,1,0,0,0,0.0,0,0.3333,0.3333,0.3333,0.0,0.35,0.1833,clonacion,α1·I1=0.35 | β2·J2=0.083 | β3·J3=0.067
TXN_L_0303,legitima,64,90,1,0,0,0,0.0294,0,0.3333,0.3333,0.3333,0.3429,0.3529,0.2176,indeterminado,α1·I1=0.35 | β2·J2=0.083 | β3·J3=0.067
TXN_L_0884,legitima,57,90,1,0,0,0,0.0,0,0.3333,0.3333,0.3333,0.0,0.35,0.1833,clonacion,α1·I1=0.35 | β2·J2=0.083 | β3·J3=0.067
TXN_L_0848,legitima,64,100,1,0,0,0,0.0278,0,0.3333,0.3333,0.3333,0.0,0.3528,0.1833,clonacion,α1·I1=0.35 | β2·J2=0.083 | β3·J3=0.067
TXN_L_0207,legitima,64,104,1,0,0,1,0.0556,0,0.3333,0.3333,0.3333,0.0,0.4556,0.1833,clonacion,α1·I1=0.35 | α4·I4=0.1 | β2·J2=0.083
TXN_L_0881,legitima,37,56,1,0,0,0,0.1176,0,0.3333,0.3333,0.3333,0.0,0.3618,0.1833,clonacion,α1·I1=0.35 | β2·J2=0.083 | β3·J3=0.067
TXN_L_0034,legitima,44,62,0,0,0,0,0.0476,1,0.3333,0.3333,0.3333,0.0,0.0048,0.5333,cnp,β1·J1=0.35 | β2·J2=0.083 | β3·J3=0.067
TXN_L_0506,legitima,68,104,1,0,0,1,0.0444,0,0.3333,0.3333,0.3333,0.0889,0.4544,0.1922,clonacion,α1·I1=0.35 | α4·I4=0.1 | β2·J2=0.083
TXN_L_0795,legitima,43,66,1,0,0,0,0.1,0,0.3333,0.3333,0.3333,0.0,0.36,0.1833,clonacion,α1·I1=0.35 | β2·J2=0.083 | β3·J3=0.067
TXN_L_0714,legitima,32,48,1,0,0,0,0.0,0,0.3333,0.3333,0.3333,0.0,0.35,0.1833,clonacion,α1·I1=0.35 | β2·J2=0.083 | β3·J3=0.067
TXN_L_0324,legitima,76,124,0,0,0,1,0.0233,1,0.3333,0.3333,0.3333,0.0,0.1023,0.5333,cnp,β1·J1=0.35 | α4·I4=0.1 | β2·J2=0.083
TXN_L_0072,legitima,40,62,1,0,0,1,0.0435,0,0.3333,0.3333,0.3333,0.0,0.4543,0.1833,clonacion,α1·I1=0.35 | α4·I4=0.1 | β2·J2=0.083
TXN_L_0807,legitima,66,102,1,0,0,0,0.0,0,0.3333,0.3333,0.3333,0.0,0.35,0.1833,clonacion,α1·I1=0.35 | β2·J2=0.083 | β3·J3=0.067
TXN_L_0447,legitima,63,100,1,0,0,1,0.0233,0,0.3333,0.3333,0.3333,0.0,0.4523,0.1833,clonacion,α1·I1=0.35 | α4·I4=0.1 | β2·J2=0.083
TXN_L_0864,legitima,37,56,0,0,0,0,0.0526,1,0.3333,0.3333,0.3333,0.0,0.0053,0.5333,cnp,β1·J1=0.35 | β2·J2=0.083 | β3·J3=0.067
TXN_L_0284,legitima,34,46,0,0,0,0,0.0,1,0.3333,0.3333,0.3333,0.0,0.0,0.5333,cnp,β1·J1=0.35 | β2·J2=0.083 | β3·J3=0.067
TXN_L_0095,legitima,55,82,1,0,0,0,0.0,0,0.3333,0.3333,0.3333,0.0,0.35,0.1833,clonacion,α1·I1=0.35 | β2·J2=0.083 | β3·J3=0.067
TXN_L_0663,legitima,52,94,1,0,0,1,0.0,0,0.3333,0.3333,0.3333,0.0,0.45,0.1833,clonacion,α1·I1=0.35 | α4·I4=0.1 | β2·J2=0.083
TXN_L_0184,legitima,51,72,1,0,0,0,0.0,0,0.3333,0.3333,0.3333,0.3333,0.35,0.2166,indeterminado,α1·I1=0.35 | β2·J2=0.083 | β3·J3=0.067
TXN_L_0724,legitima,48,78,1,0,0,0,0.0,0,0.3333,0.3333,0.3333,0.0,0.35,0.1833,clonacion,α1·I1=0.35 | β2·J2=0.083 | β3·J3=0.067
TXN_C_0036,clonacion,60,86,1,0,0,0,0.0625,0,0.3333,0.3333,0.3333,0.0,0.3562,0.1833,clonacion,α1·I1=0.35 | β2·J2=0.083 | β3·J3=0.067
TXN_P_0015,cnp,66,80,0,0,0,1,0.0,1,0.3333,0.3333,0.3333,0.5517,0.1,0.5885,cnp,β1·J1=0.35 | α4·I4=0.1 | β2·J2=0.083
TXN_L_0488,legitima,39,60,1,0,0,0,0.0,0,0.3333,0.3333,0.3333,0.0,0.35,0.1833,clonacion,α1·I1=0.35 | β2·J2=0.083 | β3·J3=0.067
TXN_L_0104,legitima,19,32,1,0,0,0,0.2,0,0.3333,0.3333,0.3333,0.0,0.37,0.1833,clonacion,α1·I1=0.35 | β2·J2=0.083 | β3·J3=0.067
TXN_L_0627,legitima,53,84,0,0,0,0,0.0,1,0.3333,0.3333,0.3333,0.0,0.0,0.5333,cnp,β1·J1=0.35 | β2·J2=0.083 | β3·J3=0.067
TXN_L_0252,legitima,43,66,0,0,0,1,0.1,1,0.3333,0.3333,0.3333,0.0,0.11,0.5333,cnp,β1·J1=0.35 | α4·I4=0.1 | β2·J2=0.083
TXN_L_0364,legitima,49,64,1,0,0,0,0.0385,0,0.3333,0.3333,0.3333,0.0,0.3538,0.1833,clonacion,α1·I1=0.35 | β2·J2=0.083 | β3·J3=0.067
TXN_L_0851,legitima,57,114,0,0,0,1,0.0278,1,0.3333,0.3333,0.3333,0.0,0.1028,0.5333,cnp,β1·J1=0.35 | α4·I4=0.1 | β2·J2=0.083
TXN_L_0605,legitima,55,90,0,0,0,1,0.0,1,0.3333,0.3333,0.3333,0.0,0.1,0.5333,cnp,β1·J1=0.35 | α4·I4=0.1 | β2·J2=0.083
TXN_L_0554,legitima,57,80,0,0,0,0,0.0556,1,0.3333,0.3333,0.3333,0.0,0.0056,0.5333,cnp,β1·J1=0.35 | β2·J2=0.083 | β3·J3=0.067
TXN_L_0468,legitima,57,76,1,0,0,1,0.0385,0,0.3333,0.3333,0.3333,0.0,0.4538,0.1833,clonacion,α1·I1=0.35 | α4·I4=0.1 | β2·J2=0.083
TXN_L_0121,legitima,40,66,0,0,0,0,0.1,1,0.3333,0.3333,0.3333,0.0,0.01,0.5333,cnp,β1·J1=0.35 | β2·J2=0.083 | β3·J3=0.067
TXN_L_0175,legitima,42,68,1,0,0,0,0.0,0,0.3333,0.3333,0.3333,0.0,0.35,0.1833,clonacion,α1·I1=0.35 | β2·J2=0.083 | β3·J3=0.067
TXN_L_0427,legitima,61,112,0,0,0,0,0.0233,1,0.3333,0.3333,0.3333,0.0,0.0023,0.5333,cnp,β1·J1=0.35 | β2·J2=0.083 | β3·J3=0.067
TXN_L_0868,legitima,73,110,0,0,0,0,0.0556,1,0.3333,0.3333,0.3333,0.0,0.0056,0.5333,cnp,β1·J1=0.35 | β2·J2=0.083 | β3·J3=0.067
